capitulo,titulo_corto,tipo_archivo,tamano,tamano_bytes_aprox,fecha_publicacion,url_descarga,url_pagina
V. Régimen de Ahorro Individual (.pdf 952 KB) Última modificación: 07/10/2025 IV. Prestaciones de Pasividad (.pdf 1 MB) Últ,,pdf,V. Régimen de Ahorro Individual (.pdf 952 KB),974848,07/10/2025,https://www.bps.gub.uy/bps/file/23440/1/v_regimen-de-ahorro-individual.pdf,https://www.bps.gub.uy/1944/indicadores-de-la-seguridad-social.html
V. Régimen de Ahorro Individual (.pdf 952 KB) Última modificación: 07/10/2025 IV. Prestaciones de Pasividad (.pdf 1 MB) Últ,,pdf,IV. Prestaciones de Pasividad (.pdf 1 MB),1048576,07/10/2025,https://www.bps.gub.uy/bps/file/23439/1/iv_prestaciones-de-pasividad.pdf,https://www.bps.gub.uy/1944/indicadores-de-la-seguridad-social.html
V. Régimen de Ahorro Individual (.pdf 952 KB) Última modificación: 07/10/2025 IV. Prestaciones de Pasividad (.pdf 1 MB) Últ,,pdf,"III.4 Subsidios por Maternidad, Paternidad y Cuidado del recién nacido (.pdf 394 KB)",403456,07/10/2025,https://www.bps.gub.uy/bps/file/23438/1/iii_4_subsidios-por-mat-pat-y-crn.pdf,https://www.bps.gub.uy/1944/indicadores-de-la-seguridad-social.html
V. Régimen de Ahorro Individual (.pdf 952 KB) Última modificación: 07/10/2025 IV. Prestaciones de Pasividad (.pdf 1 MB) Últ,,pdf,III.3 Subsidio por desempleo (.pdf 472 KB),483328,07/10/2025,https://www.bps.gub.uy/bps/file/23437/1/iii_3_subsidio-por-desempleo.pdf,https://www.bps.gub.uy/1944/indicadores-de-la-seguridad-social.html
V. Régimen de Ahorro Individual (.pdf 952 KB) Última modificación: 07/10/2025 IV. Prestaciones de Pasividad (.pdf 1 MB) Últ,,pdf,III.2 Subsidio por enfermedad (.pdf 336 KB),344064,07/10/2025,https://www.bps.gub.uy/bps/file/23436/1/iii_2_subsidio-por-enfermedad.pdf,https://www.bps.gub.uy/1944/indicadores-de-la-seguridad-social.html
V. Régimen de Ahorro Individual (.pdf 952 KB) Última modificación: 07/10/2025 IV. Prestaciones de Pasividad (.pdf 1 MB) Últ,,pdf,III.1 Asignaciones familiares (.pdf 415 KB),424960,07/10/2025,https://www.bps.gub.uy/bps/file/23435/1/iii_1_asignaciones-familiares.pdf,https://www.bps.gub.uy/1944/indicadores-de-la-seguridad-social.html
V. Régimen de Ahorro Individual (.pdf 952 KB) Última modificación: 07/10/2025 IV. Prestaciones de Pasividad (.pdf 1 MB) Últ,,pdf,II. Recaudación (.pdf 440 KB),450560,07/10/2025,https://www.bps.gub.uy/bps/file/23434/1/ii_recaudacion.pdf,https://www.bps.gub.uy/1944/indicadores-de-la-seguridad-social.html
V. Régimen de Ahorro Individual (.pdf 952 KB) Última modificación: 07/10/2025 IV. Prestaciones de Pasividad (.pdf 1 MB) Últ,,pdf,I. Ingresos y egresos globales (.pdf 273 KB),279552,07/10/2025,https://www.bps.gub.uy/bps/file/23433/1/i_ingresos-e-egresos-globales.pdf,https://www.bps.gub.uy/1944/indicadores-de-la-seguridad-social.html
,,pdf,Descargar Principales indicadores 2025,,01/07/2025,https://www.bps.gub.uy/bps/file/23114/1/principales-indicadores-2025.pdf,https://www.bps.gub.uy/bps/estadisticas/cuadro.jsp?cuadro=2
V. Régimen de Ahorro Individual (.pdf 952.48 KB) Última modificación: 07/10/2025 Descargar IV. Prestaciones de Pasividad (.,,xls,Descargar v_regimen-de-ahorro-individual.xls,,07/10/2025,https://www.bps.gub.uy/bps/file/23310/1/v_regimen-de-ahorro-individual.xls,https://www.bps.gub.uy/bps/observatorio/cuadro.jsp?contentid=12780
V. Régimen de Ahorro Individual (.pdf 952.48 KB) Última modificación: 07/10/2025 Descargar IV. Prestaciones de Pasividad (.,,xls,Descargar iv_prestaciones-de-pasividad.xls,,07/10/2025,https://www.bps.gub.uy/bps/file/23309/1/iv_prestaciones-de-pasividad.xls,https://www.bps.gub.uy/bps/observatorio/cuadro.jsp?contentid=12780
V. Régimen de Ahorro Individual (.pdf 952.48 KB) Última modificación: 07/10/2025 Descargar IV. Prestaciones de Pasividad (.,,xls,Descargar iii_4_subsidios-por-mat-pat-y-crn.xls,,07/10/2025,https://www.bps.gub.uy/bps/file/23308/1/iii_4_subsidios-por-mat-pat-y-crn.xls,https://www.bps.gub.uy/bps/observatorio/cuadro.jsp?contentid=12780
V. Régimen de Ahorro Individual (.pdf 952.48 KB) Última modificación: 07/10/2025 Descargar IV. Prestaciones de Pasividad (.,,xls,Descargar iii_3_subsidio-por-desempleo.xls,,07/10/2025,https://www.bps.gub.uy/bps/file/23307/1/iii_3_subsidio-por-desempleo.xls,https://www.bps.gub.uy/bps/observatorio/cuadro.jsp?contentid=12780
V. Régimen de Ahorro Individual (.pdf 952.48 KB) Última modificación: 07/10/2025 Descargar IV. Prestaciones de Pasividad (.,,xls,Descargar iii_2_subsidio-por-enfermedad.xls,,07/10/2025,https://www.bps.gub.uy/bps/file/23306/1/iii_2_subsidio-por-enfermedad.xls,https://www.bps.gub.uy/bps/observatorio/cuadro.jsp?contentid=12780
V. Régimen de Ahorro Individual (.pdf 952.48 KB) Última modificación: 07/10/2025 Descargar IV. Prestaciones de Pasividad (.,,xls,Descargar iii_1_asignaciones-familiares.xls,,07/10/2025,https://www.bps.gub.uy/bps/file/23305/1/iii_1_asignaciones-familiares.xls,https://www.bps.gub.uy/bps/observatorio/cuadro.jsp?contentid=12780
V. Régimen de Ahorro Individual (.pdf 952.48 KB) Última modificación: 07/10/2025 Descargar IV. Prestaciones de Pasividad (.,,xls,Descargar ii_recaudacion.xls,,07/10/2025,https://www.bps.gub.uy/bps/file/23304/1/ii_recaudacion.xls,https://www.bps.gub.uy/bps/observatorio/cuadro.jsp?contentid=12780
V. Régimen de Ahorro Individual (.pdf 952.48 KB) Última modificación: 07/10/2025 Descargar IV. Prestaciones de Pasividad (.,,xls,Descargar i_ingresos-e-egresos-globales.xls,,07/10/2025,https://www.bps.gub.uy/bps/file/23303/1/i_ingresos-e-egresos-globales.xls,https://www.bps.gub.uy/bps/observatorio/cuadro.jsp?contentid=12780
V. Régimen de Ahorro Individual (.pdf 952.48 KB) Última modificación: 07/10/2025 Descargar IV. Prestaciones de Pasividad (.,,xls,Descargar v_regimen-de-ahorro-individual.xls,,07/10/2025,https://www.bps.gub.uy/bps/file/23249/1/v_regimen-de-ahorro-individual.xls,https://www.bps.gub.uy/bps/observatorio/cuadro.jsp?contentid=12780
V. Régimen de Ahorro Individual (.pdf 952.48 KB) Última modificación: 07/10/2025 Descargar IV. Prestaciones de Pasividad (.,,xls,Descargar iv_prestaciones-de-pasividad.xls,,07/10/2025,https://www.bps.gub.uy/bps/file/23248/1/iv_prestaciones-de-pasividad.xls,https://www.bps.gub.uy/bps/observatorio/cuadro.jsp?contentid=12780
V. Régimen de Ahorro Individual (.pdf 952.48 KB) Última modificación: 07/10/2025 Descargar IV. Prestaciones de Pasividad (.,,xls,Descargar iii_4_subsidios-por-mat-pat-y-crn.xls,,07/10/2025,https://www.bps.gub.uy/bps/file/23247/1/iii_4_subsidios-por-mat-pat-y-crn.xls,https://www.bps.gub.uy/bps/observatorio/cuadro.jsp?contentid=12780
V. Régimen de Ahorro Individual (.pdf 952.48 KB) Última modificación: 07/10/2025 Descargar IV. Prestaciones de Pasividad (.,,xls,Descargar iii_3_subsidio-por-desempleo.xls,,07/10/2025,https://www.bps.gub.uy/bps/file/23246/1/iii_3_subsidio-por-desempleo.xls,https://www.bps.gub.uy/bps/observatorio/cuadro.jsp?contentid=12780
V. Régimen de Ahorro Individual (.pdf 952.48 KB) Última modificación: 07/10/2025 Descargar IV. Prestaciones de Pasividad (.,,xls,Descargar iii_2_subsidio-por-enfermedad.xls,,07/10/2025,https://www.bps.gub.uy/bps/file/23245/1/iii_2_subsidio-por-enfermedad.xls,https://www.bps.gub.uy/bps/observatorio/cuadro.jsp?contentid=12780
V. Régimen de Ahorro Individual (.pdf 952.48 KB) Última modificación: 07/10/2025 Descargar IV. Prestaciones de Pasividad (.,,xls,Descargar iii_1_asignaciones-familiares.xls,,07/10/2025,https://www.bps.gub.uy/bps/file/23244/1/iii_1_asignaciones-familiares.xls,https://www.bps.gub.uy/bps/observatorio/cuadro.jsp?contentid=12780
V. Régimen de Ahorro Individual (.pdf 952.48 KB) Última modificación: 07/10/2025 Descargar IV. Prestaciones de Pasividad (.,,xls,Descargar ii_recaudacion.xls,,07/10/2025,https://www.bps.gub.uy/bps/file/23243/1/ii_recaudacion.xls,https://www.bps.gub.uy/bps/observatorio/cuadro.jsp?contentid=12780
V. Régimen de Ahorro Individual (.pdf 952.48 KB) Última modificación: 07/10/2025 Descargar IV. Prestaciones de Pasividad (.,,xls,Descargar i_ingresos-e-egresos-globales.xls,,07/10/2025,https://www.bps.gub.uy/bps/file/23242/1/i_ingresos-e-egresos-globales.xls,https://www.bps.gub.uy/bps/observatorio/cuadro.jsp?contentid=12780
V. Régimen de Ahorro Individual (.pdf 952.48 KB) Última modificación: 07/10/2025 Descargar IV. Prestaciones de Pasividad (.,,xls,Descargar v_regimen-de-ahorro-individual.xls,,07/10/2025,https://www.bps.gub.uy/bps/file/23131/1/v_regimen-de-ahorro-individual.xls,https://www.bps.gub.uy/bps/observatorio/cuadro.jsp?contentid=12780
V. Régimen de Ahorro Individual (.pdf 952.48 KB) Última modificación: 07/10/2025 Descargar IV. Prestaciones de Pasividad (.,,xls,Descargar iv_prestaciones-de-pasividad.xls,,07/10/2025,https://www.bps.gub.uy/bps/file/23130/1/iv_prestaciones-de-pasividad.xls,https://www.bps.gub.uy/bps/observatorio/cuadro.jsp?contentid=12780
V. Régimen de Ahorro Individual (.pdf 952.48 KB) Última modificación: 07/10/2025 Descargar IV. Prestaciones de Pasividad (.,,xls,Descargar iii_4_subsidios-por-mat-pat-y-crn.xls,,07/10/2025,https://www.bps.gub.uy/bps/file/23129/1/iii_4_subsidios-por-mat-pat-y-crn.xls,https://www.bps.gub.uy/bps/observatorio/cuadro.jsp?contentid=12780
V. Régimen de Ahorro Individual (.pdf 952.48 KB) Última modificación: 07/10/2025 Descargar IV. Prestaciones de Pasividad (.,,xls,Descargar iii_3_subsidio-por-desempleo.xls,,07/10/2025,https://www.bps.gub.uy/bps/file/23128/1/iii_3_subsidio-por-desempleo.xls,https://www.bps.gub.uy/bps/observatorio/cuadro.jsp?contentid=12780
V. Régimen de Ahorro Individual (.pdf 952.48 KB) Última modificación: 07/10/2025 Descargar IV. Prestaciones de Pasividad (.,,xls,Descargar iii_2_subsidio-por-enfermedad.xls,,07/10/2025,https://www.bps.gub.uy/bps/file/23127/1/iii_2_subsidio-por-enfermedad.xls,https://www.bps.gub.uy/bps/observatorio/cuadro.jsp?contentid=12780
V. Régimen de Ahorro Individual (.pdf 952.48 KB) Última modificación: 07/10/2025 Descargar IV. Prestaciones de Pasividad (.,,xls,Descargar iii_1_asignaciones-familiares.xls,,07/10/2025,https://www.bps.gub.uy/bps/file/23126/1/iii_1_asignaciones-familiares.xls,https://www.bps.gub.uy/bps/observatorio/cuadro.jsp?contentid=12780
V. Régimen de Ahorro Individual (.pdf 952.48 KB) Última modificación: 07/10/2025 Descargar IV. Prestaciones de Pasividad (.,,xls,Descargar ii_recaudacion.xls,,07/10/2025,https://www.bps.gub.uy/bps/file/23125/1/ii_recaudacion.xls,https://www.bps.gub.uy/bps/observatorio/cuadro.jsp?contentid=12780
V. Régimen de Ahorro Individual (.pdf 952.48 KB) Última modificación: 07/10/2025 Descargar IV. Prestaciones de Pasividad (.,,xls,Descargar i_ingresos-e-egresos-globales.xls,,07/10/2025,https://www.bps.gub.uy/bps/file/23124/1/i_ingresos-e-egresos-globales.xls,https://www.bps.gub.uy/bps/observatorio/cuadro.jsp?contentid=12780
V. Régimen de Ahorro Individual (.pdf 952.48 KB) Última modificación: 07/10/2025 Descargar IV. Prestaciones de Pasividad (.,,xls,Descargar v_regimen-de-ahorro-individual.xls,,07/10/2025,https://www.bps.gub.uy/bps/file/23057/1/v_regimen-de-ahorro-individual.xls,https://www.bps.gub.uy/bps/observatorio/cuadro.jsp?contentid=12780
V. Régimen de Ahorro Individual (.pdf 952.48 KB) Última modificación: 07/10/2025 Descargar IV. Prestaciones de Pasividad (.,,xls,Descargar iv_prestaciones-de-pasividad.xls,,07/10/2025,https://www.bps.gub.uy/bps/file/23056/1/iv_prestaciones-de-pasividad.xls,https://www.bps.gub.uy/bps/observatorio/cuadro.jsp?contentid=12780
V. Régimen de Ahorro Individual (.pdf 952.48 KB) Última modificación: 07/10/2025 Descargar IV. Prestaciones de Pasividad (.,,xls,Descargar iii_4_subsidios-por-mat-pat-y-crn.xls,,07/10/2025,https://www.bps.gub.uy/bps/file/23055/1/iii_4_subsidios-por-mat-pat-y-crn.xls,https://www.bps.gub.uy/bps/observatorio/cuadro.jsp?contentid=12780
V. Régimen de Ahorro Individual (.pdf 952.48 KB) Última modificación: 07/10/2025 Descargar IV. Prestaciones de Pasividad (.,,xls,Descargar iii.3_subsidio-por-desempleo.xls,,07/10/2025,https://www.bps.gub.uy/bps/file/23054/1/iii.3_subsidio-por-desempleo.xls,https://www.bps.gub.uy/bps/observatorio/cuadro.jsp?contentid=12780
V. Régimen de Ahorro Individual (.pdf 952.48 KB) Última modificación: 07/10/2025 Descargar IV. Prestaciones de Pasividad (.,,xls,Descargar iii.2_subsidio-por-enfermedad.xls,,07/10/2025,https://www.bps.gub.uy/bps/file/23053/1/iii.2_subsidio-por-enfermedad.xls,https://www.bps.gub.uy/bps/observatorio/cuadro.jsp?contentid=12780
V. Régimen de Ahorro Individual (.pdf 952.48 KB) Última modificación: 07/10/2025 Descargar IV. Prestaciones de Pasividad (.,,xls,Descargar iii.1---asignaciones-familiares.xls,,07/10/2025,https://www.bps.gub.uy/bps/file/23052/1/iii.1---asignaciones-familiares.xls,https://www.bps.gub.uy/bps/observatorio/cuadro.jsp?contentid=12780
V. Régimen de Ahorro Individual (.pdf 952.48 KB) Última modificación: 07/10/2025 Descargar IV. Prestaciones de Pasividad (.,,xls,Descargar ii.-recaudacion.xls,,07/10/2025,https://www.bps.gub.uy/bps/file/23051/1/ii.-recaudacion.xls,https://www.bps.gub.uy/bps/observatorio/cuadro.jsp?contentid=12780
V. Régimen de Ahorro Individual (.pdf 952.48 KB) Última modificación: 07/10/2025 Descargar IV. Prestaciones de Pasividad (.,,xls,Descargar i.--ingresos-y-egresos-globales.xls,,07/10/2025,https://www.bps.gub.uy/bps/file/23050/1/i.--ingresos-y-egresos-globales.xls,https://www.bps.gub.uy/bps/observatorio/cuadro.jsp?contentid=12780
V. Régimen de Ahorro Individual (.pdf 952.48 KB) Última modificación: 07/10/2025 Descargar IV. Prestaciones de Pasividad (.,,xls,Descargar v.-regimen-de-ahorro-individual.xls,,07/10/2025,https://www.bps.gub.uy/bps/file/22981/1/v.-regimen-de-ahorro-individual.xls,https://www.bps.gub.uy/bps/observatorio/cuadro.jsp?contentid=12780
V. Régimen de Ahorro Individual (.pdf 952.48 KB) Última modificación: 07/10/2025 Descargar IV. Prestaciones de Pasividad (.,,xls,Descargar pasividad-.xls,,07/10/2025,https://www.bps.gub.uy/bps/file/22980/1/pasividad-.xls,https://www.bps.gub.uy/bps/observatorio/cuadro.jsp?contentid=12780
V. Régimen de Ahorro Individual (.pdf 952.48 KB) Última modificación: 07/10/2025 Descargar IV. Prestaciones de Pasividad (.,,xls,Descargar paternidad-maternidad.xls,,07/10/2025,https://www.bps.gub.uy/bps/file/22979/1/paternidad-maternidad.xls,https://www.bps.gub.uy/bps/observatorio/cuadro.jsp?contentid=12780
V. Régimen de Ahorro Individual (.pdf 952.48 KB) Última modificación: 07/10/2025 Descargar IV. Prestaciones de Pasividad (.,,xls,Descargar desempleo.xls,,07/10/2025,https://www.bps.gub.uy/bps/file/22978/1/desempleo.xls,https://www.bps.gub.uy/bps/observatorio/cuadro.jsp?contentid=12780
V. Régimen de Ahorro Individual (.pdf 952.48 KB) Última modificación: 07/10/2025 Descargar IV. Prestaciones de Pasividad (.,,xls,Descargar enf.xls,,07/10/2025,https://www.bps.gub.uy/bps/file/22977/1/enf.xls,https://www.bps.gub.uy/bps/observatorio/cuadro.jsp?contentid=12780
V. Régimen de Ahorro Individual (.pdf 952.48 KB) Última modificación: 07/10/2025 Descargar IV. Prestaciones de Pasividad (.,,xls,Descargar asig.xls,,07/10/2025,https://www.bps.gub.uy/bps/file/22976/1/asig.xls,https://www.bps.gub.uy/bps/observatorio/cuadro.jsp?contentid=12780
V. Régimen de Ahorro Individual (.pdf 952.48 KB) Última modificación: 07/10/2025 Descargar IV. Prestaciones de Pasividad (.,,xls,Descargar ii.-recaudacion.xls,,07/10/2025,https://www.bps.gub.uy/bps/file/22975/1/ii.-recaudacion.xls,https://www.bps.gub.uy/bps/observatorio/cuadro.jsp?contentid=12780
V. Régimen de Ahorro Individual (.pdf 952.48 KB) Última modificación: 07/10/2025 Descargar IV. Prestaciones de Pasividad (.,,xls,Descargar i.-ingresos-y-egresos-globales.xls,,07/10/2025,https://www.bps.gub.uy/bps/file/22974/1/i.-ingresos-y-egresos-globales.xls,https://www.bps.gub.uy/bps/observatorio/cuadro.jsp?contentid=12780
V. Régimen de Ahorro Individual (.pdf 952.48 KB) Última modificación: 07/10/2025 Descargar IV. Prestaciones de Pasividad (.,,pdf,Descargar v_regimen-de-ahorro-individual.pdf,,07/10/2025,https://www.bps.gub.uy/bps/file/22837/1/v_regimen-de-ahorro-individual.pdf,https://www.bps.gub.uy/bps/observatorio/cuadro.jsp?contentid=12780
V. Régimen de Ahorro Individual (.pdf 952.48 KB) Última modificación: 07/10/2025 Descargar IV. Prestaciones de Pasividad (.,,pdf,Descargar iv_prestaciones-de-pasividad.pdf,,07/10/2025,https://www.bps.gub.uy/bps/file/22836/1/iv_prestaciones-de-pasividad.pdf,https://www.bps.gub.uy/bps/observatorio/cuadro.jsp?contentid=12780
V. Régimen de Ahorro Individual (.pdf 952.48 KB) Última modificación: 07/10/2025 Descargar IV. Prestaciones de Pasividad (.,,pdf,Descargar iii_4_subsidios-por-mat-pat-y-crn.pdf,,07/10/2025,https://www.bps.gub.uy/bps/file/22835/1/iii_4_subsidios-por-mat-pat-y-crn.pdf,https://www.bps.gub.uy/bps/observatorio/cuadro.jsp?contentid=12780
V. Régimen de Ahorro Individual (.pdf 952.48 KB) Última modificación: 07/10/2025 Descargar IV. Prestaciones de Pasividad (.,,pdf,Descargar iii_3_subsidio-por-desempleo.pdf,,07/10/2025,https://www.bps.gub.uy/bps/file/22834/1/iii_3_subsidio-por-desempleo.pdf,https://www.bps.gub.uy/bps/observatorio/cuadro.jsp?contentid=12780
V. Régimen de Ahorro Individual (.pdf 952.48 KB) Última modificación: 07/10/2025 Descargar IV. Prestaciones de Pasividad (.,,pdf,Descargar iii_2_subsidio-por-enfermedad.pdf,,07/10/2025,https://www.bps.gub.uy/bps/file/22833/1/iii_2_subsidio-por-enfermedad.pdf,https://www.bps.gub.uy/bps/observatorio/cuadro.jsp?contentid=12780
V. Régimen de Ahorro Individual (.pdf 952.48 KB) Última modificación: 07/10/2025 Descargar IV. Prestaciones de Pasividad (.,,pdf,Descargar iii_1_asignaciones-familiares.pdf,,07/10/2025,https://www.bps.gub.uy/bps/file/22832/1/iii_1_asignaciones-familiares.pdf,https://www.bps.gub.uy/bps/observatorio/cuadro.jsp?contentid=12780
V. Régimen de Ahorro Individual (.pdf 952.48 KB) Última modificación: 07/10/2025 Descargar IV. Prestaciones de Pasividad (.,,pdf,Descargar ii_recaudacion.pdf,,07/10/2025,https://www.bps.gub.uy/bps/file/22831/1/ii_recaudacion.pdf,https://www.bps.gub.uy/bps/observatorio/cuadro.jsp?contentid=12780
V. Régimen de Ahorro Individual (.pdf 952.48 KB) Última modificación: 07/10/2025 Descargar IV. Prestaciones de Pasividad (.,,pdf,Descargar i_ingresos-e-egresos-globales.pdf,,07/10/2025,https://www.bps.gub.uy/bps/file/22830/1/i_ingresos-e-egresos-globales.pdf,https://www.bps.gub.uy/bps/observatorio/cuadro.jsp?contentid=12780
V. Régimen de Ahorro Individual (.pdf 952.48 KB) Última modificación: 07/10/2025 Descargar IV. Prestaciones de Pasividad (.,,pdf,Descargar v_regimen-de-ahorro-individual.pdf,,07/10/2025,https://www.bps.gub.uy/bps/file/22750/1/v_regimen-de-ahorro-individual.pdf,https://www.bps.gub.uy/bps/observatorio/cuadro.jsp?contentid=12780
V. Régimen de Ahorro Individual (.pdf 952.48 KB) Última modificación: 07/10/2025 Descargar IV. Prestaciones de Pasividad (.,,pdf,Descargar iv_prestaciones-de-pasividad.pdf,,07/10/2025,https://www.bps.gub.uy/bps/file/22749/1/iv_prestaciones-de-pasividad.pdf,https://www.bps.gub.uy/bps/observatorio/cuadro.jsp?contentid=12780
V. Régimen de Ahorro Individual (.pdf 952.48 KB) Última modificación: 07/10/2025 Descargar IV. Prestaciones de Pasividad (.,,pdf,Descargar iii_4_subsidios-por-mat-pat-y-crn.pdf,,07/10/2025,https://www.bps.gub.uy/bps/file/22748/1/iii_4_subsidios-por-mat-pat-y-crn.pdf,https://www.bps.gub.uy/bps/observatorio/cuadro.jsp?contentid=12780
V. Régimen de Ahorro Individual (.pdf 952.48 KB) Última modificación: 07/10/2025 Descargar IV. Prestaciones de Pasividad (.,,pdf,Descargar iii_3_subsidio-por-desempleo.pdf,,07/10/2025,https://www.bps.gub.uy/bps/file/22747/1/iii_3_subsidio-por-desempleo.pdf,https://www.bps.gub.uy/bps/observatorio/cuadro.jsp?contentid=12780
V. Régimen de Ahorro Individual (.pdf 952.48 KB) Última modificación: 07/10/2025 Descargar IV. Prestaciones de Pasividad (.,,pdf,Descargar iii_2_subsidio-por-enfermedad.pdf,,07/10/2025,https://www.bps.gub.uy/bps/file/22746/1/iii_2_subsidio-por-enfermedad.pdf,https://www.bps.gub.uy/bps/observatorio/cuadro.jsp?contentid=12780
V. Régimen de Ahorro Individual (.pdf 952.48 KB) Última modificación: 07/10/2025 Descargar IV. Prestaciones de Pasividad (.,,pdf,Descargar iii_1_asignaciones-familiares.pdf,,07/10/2025,https://www.bps.gub.uy/bps/file/22745/1/iii_1_asignaciones-familiares.pdf,https://www.bps.gub.uy/bps/observatorio/cuadro.jsp?contentid=12780
V. Régimen de Ahorro Individual (.pdf 952.48 KB) Última modificación: 07/10/2025 Descargar IV. Prestaciones de Pasividad (.,,pdf,Descargar ii_recaudacion.pdf,,07/10/2025,https://www.bps.gub.uy/bps/file/22744/1/ii_recaudacion.pdf,https://www.bps.gub.uy/bps/observatorio/cuadro.jsp?contentid=12780
V. Régimen de Ahorro Individual (.pdf 952.48 KB) Última modificación: 07/10/2025 Descargar IV. Prestaciones de Pasividad (.,,pdf,Descargar i_ingresos-e-egresos-globales.pdf,,07/10/2025,https://www.bps.gub.uy/bps/file/22743/1/i_ingresos-e-egresos-globales.pdf,https://www.bps.gub.uy/bps/observatorio/cuadro.jsp?contentid=12780
V. Régimen de Ahorro Individual (.pdf 952.48 KB) Última modificación: 07/10/2025 Descargar IV. Prestaciones de Pasividad (.,,xls,Descargar v.-regimen-de-ahorro-individual.xls,,07/10/2025,https://www.bps.gub.uy/bps/file/22594/1/v.-regimen-de-ahorro-individual.xls,https://www.bps.gub.uy/bps/observatorio/cuadro.jsp?contentid=12780
V. Régimen de Ahorro Individual (.pdf 952.48 KB) Última modificación: 07/10/2025 Descargar IV. Prestaciones de Pasividad (.,,xls,Descargar iv.-prestaciones-de-pasividad.xls,,07/10/2025,https://www.bps.gub.uy/bps/file/22593/1/iv.-prestaciones-de-pasividad.xls,https://www.bps.gub.uy/bps/observatorio/cuadro.jsp?contentid=12780
V. Régimen de Ahorro Individual (.pdf 952.48 KB) Última modificación: 07/10/2025 Descargar IV. Prestaciones de Pasividad (.,,xls,Descargar iii.4-subsidios-por-maternidad-paternidad-y-cuidado-del-recien-nacido.xls,,07/10/2025,https://www.bps.gub.uy/bps/file/22592/1/iii.4-subsidios-por-maternidad-paternidad-y-cuidado-del-recien-nacido.xls,https://www.bps.gub.uy/bps/observatorio/cuadro.jsp?contentid=12780
V. Régimen de Ahorro Individual (.pdf 952.48 KB) Última modificación: 07/10/2025 Descargar IV. Prestaciones de Pasividad (.,,xls,Descargar iii.3-subsidio-por-desempleo.xls,,07/10/2025,https://www.bps.gub.uy/bps/file/22591/1/iii.3-subsidio-por-desempleo.xls,https://www.bps.gub.uy/bps/observatorio/cuadro.jsp?contentid=12780
V. Régimen de Ahorro Individual (.pdf 952.48 KB) Última modificación: 07/10/2025 Descargar IV. Prestaciones de Pasividad (.,,xls,Descargar iii.2-subsidio-por-enfermedad.xls,,07/10/2025,https://www.bps.gub.uy/bps/file/22590/1/iii.2-subsidio-por-enfermedad.xls,https://www.bps.gub.uy/bps/observatorio/cuadro.jsp?contentid=12780
V. Régimen de Ahorro Individual (.pdf 952.48 KB) Última modificación: 07/10/2025 Descargar IV. Prestaciones de Pasividad (.,,xls,Descargar iii.1-asignaciones-familiares.xls,,07/10/2025,https://www.bps.gub.uy/bps/file/22589/1/iii.1-asignaciones-familiares.xls,https://www.bps.gub.uy/bps/observatorio/cuadro.jsp?contentid=12780
V. Régimen de Ahorro Individual (.pdf 952.48 KB) Última modificación: 07/10/2025 Descargar IV. Prestaciones de Pasividad (.,,xls,Descargar ii.-recaudacion.xls,,07/10/2025,https://www.bps.gub.uy/bps/file/22588/1/ii.-recaudacion.xls,https://www.bps.gub.uy/bps/observatorio/cuadro.jsp?contentid=12780
V. Régimen de Ahorro Individual (.pdf 952.48 KB) Última modificación: 07/10/2025 Descargar IV. Prestaciones de Pasividad (.,,xls,Descargar i.-ingresos-y-egresos-globales.xls,,07/10/2025,https://www.bps.gub.uy/bps/file/22587/1/i.-ingresos-y-egresos-globales.xls,https://www.bps.gub.uy/bps/observatorio/cuadro.jsp?contentid=12780
V. Régimen de Ahorro Individual (.pdf 952.48 KB) Última modificación: 07/10/2025 Descargar IV. Prestaciones de Pasividad (.,,xls,Descargar v.-regimen-de-ahorro-individual.xls,,07/10/2025,https://www.bps.gub.uy/bps/file/22494/1/v.-regimen-de-ahorro-individual.xls,https://www.bps.gub.uy/bps/observatorio/cuadro.jsp?contentid=12780
V. Régimen de Ahorro Individual (.pdf 952.48 KB) Última modificación: 07/10/2025 Descargar IV. Prestaciones de Pasividad (.,,xls,Descargar iv.-prestaciones-de-pasividad.xls,,07/10/2025,https://www.bps.gub.uy/bps/file/22493/1/iv.-prestaciones-de-pasividad.xls,https://www.bps.gub.uy/bps/observatorio/cuadro.jsp?contentid=12780
V. Régimen de Ahorro Individual (.pdf 952.48 KB) Última modificación: 07/10/2025 Descargar IV. Prestaciones de Pasividad (.,,xls,Descargar iii.4---subsidio-por-maternidad-paternidad-y-cuidados-parentales.xls,,07/10/2025,https://www.bps.gub.uy/bps/file/22492/1/iii.4---subsidio-por-maternidad-paternidad-y-cuidados-parentales.xls,https://www.bps.gub.uy/bps/observatorio/cuadro.jsp?contentid=12780
V. Régimen de Ahorro Individual (.pdf 952.48 KB) Última modificación: 07/10/2025 Descargar IV. Prestaciones de Pasividad (.,,pdf,Descargar iii_3_subsidio-por-desempleo.pdf,,07/10/2025,https://www.bps.gub.uy/bps/file/22491/1/iii_3_subsidio-por-desempleo.pdf,https://www.bps.gub.uy/bps/observatorio/cuadro.jsp?contentid=12780
V. Régimen de Ahorro Individual (.pdf 952.48 KB) Última modificación: 07/10/2025 Descargar IV. Prestaciones de Pasividad (.,,pdf,Descargar iii_2_subsidio-por-enfermedad.pdf,,07/10/2025,https://www.bps.gub.uy/bps/file/22490/1/iii_2_subsidio-por-enfermedad.pdf,https://www.bps.gub.uy/bps/observatorio/cuadro.jsp?contentid=12780
V. Régimen de Ahorro Individual (.pdf 952.48 KB) Última modificación: 07/10/2025 Descargar IV. Prestaciones de Pasividad (.,,pdf,Descargar iii_1_asignaciones-familiares.pdf,,07/10/2025,https://www.bps.gub.uy/bps/file/22489/1/iii_1_asignaciones-familiares.pdf,https://www.bps.gub.uy/bps/observatorio/cuadro.jsp?contentid=12780
V. Régimen de Ahorro Individual (.pdf 952.48 KB) Última modificación: 07/10/2025 Descargar IV. Prestaciones de Pasividad (.,,pdf,Descargar ii_recaudacion.pdf,,07/10/2025,https://www.bps.gub.uy/bps/file/22488/1/ii_recaudacion.pdf,https://www.bps.gub.uy/bps/observatorio/cuadro.jsp?contentid=12780
V. Régimen de Ahorro Individual (.pdf 952.48 KB) Última modificación: 07/10/2025 Descargar IV. Prestaciones de Pasividad (.,,pdf,Descargar i_ingresos-e-egresos-globales.pdf,,07/10/2025,https://www.bps.gub.uy/bps/file/22487/1/i_ingresos-e-egresos-globales.pdf,https://www.bps.gub.uy/bps/observatorio/cuadro.jsp?contentid=12780
V. Régimen de Ahorro Individual (.pdf 952.48 KB) Última modificación: 07/10/2025 Descargar IV. Prestaciones de Pasividad (.,,xls,Descargar v.-regimen-de-ahorro-individual.xls,,07/10/2025,https://www.bps.gub.uy/bps/file/22418/1/v.-regimen-de-ahorro-individual.xls,https://www.bps.gub.uy/bps/observatorio/cuadro.jsp?contentid=12780
V. Régimen de Ahorro Individual (.pdf 952.48 KB) Última modificación: 07/10/2025 Descargar IV. Prestaciones de Pasividad (.,,xls,Descargar iv.-prestaciones-de-pasividad.xls,,07/10/2025,https://www.bps.gub.uy/bps/file/22417/1/iv.-prestaciones-de-pasividad.xls,https://www.bps.gub.uy/bps/observatorio/cuadro.jsp?contentid=12780
V. Régimen de Ahorro Individual (.pdf 952.48 KB) Última modificación: 07/10/2025 Descargar IV. Prestaciones de Pasividad (.,,xls,Descargar iii.4-subsidios-por-maternidad-paternidad-y-cuidado-del-recien-nacido.xls,,07/10/2025,https://www.bps.gub.uy/bps/file/22416/1/iii.4-subsidios-por-maternidad-paternidad-y-cuidado-del-recien-nacido.xls,https://www.bps.gub.uy/bps/observatorio/cuadro.jsp?contentid=12780
V. Régimen de Ahorro Individual (.pdf 952.48 KB) Última modificación: 07/10/2025 Descargar IV. Prestaciones de Pasividad (.,,xls,Descargar iii.3-seguro-por-desempleo.xls,,07/10/2025,https://www.bps.gub.uy/bps/file/22415/1/iii.3-seguro-por-desempleo.xls,https://www.bps.gub.uy/bps/observatorio/cuadro.jsp?contentid=12780
V. Régimen de Ahorro Individual (.pdf 952.48 KB) Última modificación: 07/10/2025 Descargar IV. Prestaciones de Pasividad (.,,xls,Descargar iii.2-seguro-por-enfermedad.xls,,07/10/2025,https://www.bps.gub.uy/bps/file/22414/1/iii.2-seguro-por-enfermedad.xls,https://www.bps.gub.uy/bps/observatorio/cuadro.jsp?contentid=12780
V. Régimen de Ahorro Individual (.pdf 952.48 KB) Última modificación: 07/10/2025 Descargar IV. Prestaciones de Pasividad (.,,xls,Descargar iii.1-asignaciones-familiares.xls,,07/10/2025,https://www.bps.gub.uy/bps/file/22413/1/iii.1-asignaciones-familiares.xls,https://www.bps.gub.uy/bps/observatorio/cuadro.jsp?contentid=12780
V. Régimen de Ahorro Individual (.pdf 952.48 KB) Última modificación: 07/10/2025 Descargar IV. Prestaciones de Pasividad (.,,xls,Descargar ii.-recaudacion.xls,,07/10/2025,https://www.bps.gub.uy/bps/file/22412/1/ii.-recaudacion.xls,https://www.bps.gub.uy/bps/observatorio/cuadro.jsp?contentid=12780
V. Régimen de Ahorro Individual (.pdf 952.48 KB) Última modificación: 07/10/2025 Descargar IV. Prestaciones de Pasividad (.,,xls,Descargar i.-ingresos-y-egresos-globales.xls,,07/10/2025,https://www.bps.gub.uy/bps/file/22411/1/i.-ingresos-y-egresos-globales.xls,https://www.bps.gub.uy/bps/observatorio/cuadro.jsp?contentid=12780
V. Régimen de Ahorro Individual (.pdf 952.48 KB) Última modificación: 07/10/2025 Descargar IV. Prestaciones de Pasividad (.,,xls,Descargar v.-regimen-de-ahorro-individual.xls,,07/10/2025,https://www.bps.gub.uy/bps/file/22177/1/v.-regimen-de-ahorro-individual.xls,https://www.bps.gub.uy/bps/observatorio/cuadro.jsp?contentid=12780
V. Régimen de Ahorro Individual (.pdf 952.48 KB) Última modificación: 07/10/2025 Descargar IV. Prestaciones de Pasividad (.,,xls,Descargar iv.-prestaciones-de-pasividad.xls,,07/10/2025,https://www.bps.gub.uy/bps/file/22176/1/iv.-prestaciones-de-pasividad.xls,https://www.bps.gub.uy/bps/observatorio/cuadro.jsp?contentid=12780
V. Régimen de Ahorro Individual (.pdf 952.48 KB) Última modificación: 07/10/2025 Descargar IV. Prestaciones de Pasividad (.,,xls,Descargar iii.4---subsidio-por-maternidad-paternidad-y-cuidados-parentales.xls,,07/10/2025,https://www.bps.gub.uy/bps/file/22175/1/iii.4---subsidio-por-maternidad-paternidad-y-cuidados-parentales.xls,https://www.bps.gub.uy/bps/observatorio/cuadro.jsp?contentid=12780
V. Régimen de Ahorro Individual (.pdf 952.48 KB) Última modificación: 07/10/2025 Descargar IV. Prestaciones de Pasividad (.,,xls,Descargar iii.3---subsidio-por-desempleo.xls,,07/10/2025,https://www.bps.gub.uy/bps/file/22174/1/iii.3---subsidio-por-desempleo.xls,https://www.bps.gub.uy/bps/observatorio/cuadro.jsp?contentid=12780
V. Régimen de Ahorro Individual (.pdf 952.48 KB) Última modificación: 07/10/2025 Descargar IV. Prestaciones de Pasividad (.,,xls,Descargar iii.2---subsidio-por-enfermedad.xls,,07/10/2025,https://www.bps.gub.uy/bps/file/22173/1/iii.2---subsidio-por-enfermedad.xls,https://www.bps.gub.uy/bps/observatorio/cuadro.jsp?contentid=12780
V. Régimen de Ahorro Individual (.pdf 952.48 KB) Última modificación: 07/10/2025 Descargar IV. Prestaciones de Pasividad (.,,xls,Descargar iii.1---asignaciones-familiares.xls,,07/10/2025,https://www.bps.gub.uy/bps/file/22172/1/iii.1---asignaciones-familiares.xls,https://www.bps.gub.uy/bps/observatorio/cuadro.jsp?contentid=12780
V. Régimen de Ahorro Individual (.pdf 952.48 KB) Última modificación: 07/10/2025 Descargar IV. Prestaciones de Pasividad (.,,xls,Descargar ii.-recaudacion.xls,,07/10/2025,https://www.bps.gub.uy/bps/file/22171/1/ii.-recaudacion.xls,https://www.bps.gub.uy/bps/observatorio/cuadro.jsp?contentid=12780
V. Régimen de Ahorro Individual (.pdf 952.48 KB) Última modificación: 07/10/2025 Descargar IV. Prestaciones de Pasividad (.,,xls,Descargar i.-ingresos-y-egresos-globales.xls,,07/10/2025,https://www.bps.gub.uy/bps/file/22170/1/i.-ingresos-y-egresos-globales.xls,https://www.bps.gub.uy/bps/observatorio/cuadro.jsp?contentid=12780
V. Régimen de Ahorro Individual (.pdf 952.48 KB) Última modificación: 07/10/2025 Descargar IV. Prestaciones de Pasividad (.,,pdf,Descargar v_regimen-de-ahorro-individual.pdf,,07/10/2025,https://www.bps.gub.uy/bps/file/22056/1/v_regimen-de-ahorro-individual.pdf,https://www.bps.gub.uy/bps/observatorio/cuadro.jsp?contentid=12780
V. Régimen de Ahorro Individual (.pdf 952.48 KB) Última modificación: 07/10/2025 Descargar IV. Prestaciones de Pasividad (.,,pdf,Descargar iv_prestaciones-de-pasividad.pdf,,07/10/2025,https://www.bps.gub.uy/bps/file/22055/1/iv_prestaciones-de-pasividad.pdf,https://www.bps.gub.uy/bps/observatorio/cuadro.jsp?contentid=12780
V. Régimen de Ahorro Individual (.pdf 952.48 KB) Última modificación: 07/10/2025 Descargar IV. Prestaciones de Pasividad (.,,pdf,Descargar iii_4_subsidios-por-mat-pat-y-crn.pdf,,07/10/2025,https://www.bps.gub.uy/bps/file/22054/1/iii_4_subsidios-por-mat-pat-y-crn.pdf,https://www.bps.gub.uy/bps/observatorio/cuadro.jsp?contentid=12780
V. Régimen de Ahorro Individual (.pdf 952.48 KB) Última modificación: 07/10/2025 Descargar IV. Prestaciones de Pasividad (.,,pdf,Descargar iii_3_subsidio-por-desempleo.pdf,,07/10/2025,https://www.bps.gub.uy/bps/file/22053/1/iii_3_subsidio-por-desempleo.pdf,https://www.bps.gub.uy/bps/observatorio/cuadro.jsp?contentid=12780
V. Régimen de Ahorro Individual (.pdf 952.48 KB) Última modificación: 07/10/2025 Descargar IV. Prestaciones de Pasividad (.,,pdf,Descargar iii_2_subsidio-por-enfermedad.pdf,,07/10/2025,https://www.bps.gub.uy/bps/file/22052/1/iii_2_subsidio-por-enfermedad.pdf,https://www.bps.gub.uy/bps/observatorio/cuadro.jsp?contentid=12780
V. Régimen de Ahorro Individual (.pdf 952.48 KB) Última modificación: 07/10/2025 Descargar IV. Prestaciones de Pasividad (.,,pdf,Descargar iii_1_asignaciones-familiares.pdf,,07/10/2025,https://www.bps.gub.uy/bps/file/22051/1/iii_1_asignaciones-familiares.pdf,https://www.bps.gub.uy/bps/observatorio/cuadro.jsp?contentid=12780
V. Régimen de Ahorro Individual (.pdf 952.48 KB) Última modificación: 07/10/2025 Descargar IV. Prestaciones de Pasividad (.,,pdf,Descargar ii_recaudacion.pdf,,07/10/2025,https://www.bps.gub.uy/bps/file/22050/1/ii_recaudacion.pdf,https://www.bps.gub.uy/bps/observatorio/cuadro.jsp?contentid=12780
V. Régimen de Ahorro Individual (.pdf 952.48 KB) Última modificación: 07/10/2025 Descargar IV. Prestaciones de Pasividad (.,,pdf,Descargar i_ingresos-y-egresos-globales.pdf,,07/10/2025,https://www.bps.gub.uy/bps/file/22049/1/i_ingresos-y-egresos-globales.pdf,https://www.bps.gub.uy/bps/observatorio/cuadro.jsp?contentid=12780
V. Régimen de Ahorro Individual (.pdf 952.48 KB) Última modificación: 07/10/2025 Descargar IV. Prestaciones de Pasividad (.,,xls,Descargar v.-regimen-de-ahorro-individual.xls,,07/10/2025,https://www.bps.gub.uy/bps/file/21976/1/v.-regimen-de-ahorro-individual.xls,https://www.bps.gub.uy/bps/observatorio/cuadro.jsp?contentid=12780
V. Régimen de Ahorro Individual (.pdf 952.48 KB) Última modificación: 07/10/2025 Descargar IV. Prestaciones de Pasividad (.,,xls,Descargar iv.-prestaciones-de-pasividad.xls,,07/10/2025,https://www.bps.gub.uy/bps/file/21975/1/iv.-prestaciones-de-pasividad.xls,https://www.bps.gub.uy/bps/observatorio/cuadro.jsp?contentid=12780
V. Régimen de Ahorro Individual (.pdf 952.48 KB) Última modificación: 07/10/2025 Descargar IV. Prestaciones de Pasividad (.,,xls,Descargar iii.4---subsidio-por-maternidad-paternidad-y-cuidados-parentales.xls,,07/10/2025,https://www.bps.gub.uy/bps/file/21974/1/iii.4---subsidio-por-maternidad-paternidad-y-cuidados-parentales.xls,https://www.bps.gub.uy/bps/observatorio/cuadro.jsp?contentid=12780
V. Régimen de Ahorro Individual (.pdf 952.48 KB) Última modificación: 07/10/2025 Descargar IV. Prestaciones de Pasividad (.,,xls,Descargar iii.3---subsidio-por-desempleo.xls,,07/10/2025,https://www.bps.gub.uy/bps/file/21973/1/iii.3---subsidio-por-desempleo.xls,https://www.bps.gub.uy/bps/observatorio/cuadro.jsp?contentid=12780
V. Régimen de Ahorro Individual (.pdf 952.48 KB) Última modificación: 07/10/2025 Descargar IV. Prestaciones de Pasividad (.,,xls,Descargar iii.2---subsidio-por-enfermedad.xls,,07/10/2025,https://www.bps.gub.uy/bps/file/21972/1/iii.2---subsidio-por-enfermedad.xls,https://www.bps.gub.uy/bps/observatorio/cuadro.jsp?contentid=12780
V. Régimen de Ahorro Individual (.pdf 952.48 KB) Última modificación: 07/10/2025 Descargar IV. Prestaciones de Pasividad (.,,xls,Descargar iii.1---asignaciones-familiares.xls,,07/10/2025,https://www.bps.gub.uy/bps/file/21971/1/iii.1---asignaciones-familiares.xls,https://www.bps.gub.uy/bps/observatorio/cuadro.jsp?contentid=12780
V. Régimen de Ahorro Individual (.pdf 952.48 KB) Última modificación: 07/10/2025 Descargar IV. Prestaciones de Pasividad (.,,xls,Descargar ii.-recaudacion.xls,,07/10/2025,https://www.bps.gub.uy/bps/file/21970/1/ii.-recaudacion.xls,https://www.bps.gub.uy/bps/observatorio/cuadro.jsp?contentid=12780
V. Régimen de Ahorro Individual (.pdf 952.48 KB) Última modificación: 07/10/2025 Descargar IV. Prestaciones de Pasividad (.,,xls,Descargar i.-ingresos-y-egresos-globales.xls,,07/10/2025,https://www.bps.gub.uy/bps/file/21969/1/i.-ingresos-y-egresos-globales.xls,https://www.bps.gub.uy/bps/observatorio/cuadro.jsp?contentid=12780
V. Régimen de Ahorro Individual (.pdf 952.48 KB) Última modificación: 07/10/2025 Descargar IV. Prestaciones de Pasividad (.,,xls,Descargar v.-regimen-de-ahorro-individual.xls,,07/10/2025,https://www.bps.gub.uy/bps/file/21925/1/v.-regimen-de-ahorro-individual.xls,https://www.bps.gub.uy/bps/observatorio/cuadro.jsp?contentid=12780
V. Régimen de Ahorro Individual (.pdf 952.48 KB) Última modificación: 07/10/2025 Descargar IV. Prestaciones de Pasividad (.,,xls,Descargar iv.-prestaciones-de-pasividad.xls,,07/10/2025,https://www.bps.gub.uy/bps/file/21924/1/iv.-prestaciones-de-pasividad.xls,https://www.bps.gub.uy/bps/observatorio/cuadro.jsp?contentid=12780
V. Régimen de Ahorro Individual (.pdf 952.48 KB) Última modificación: 07/10/2025 Descargar IV. Prestaciones de Pasividad (.,,xls,Descargar iii.4---subsidio-por-maternidad-paternidad-y-cuidados-parentales.xls,,07/10/2025,https://www.bps.gub.uy/bps/file/21923/1/iii.4---subsidio-por-maternidad-paternidad-y-cuidados-parentales.xls,https://www.bps.gub.uy/bps/observatorio/cuadro.jsp?contentid=12780
V. Régimen de Ahorro Individual (.pdf 952.48 KB) Última modificación: 07/10/2025 Descargar IV. Prestaciones de Pasividad (.,,xls,Descargar iii.3---subsidio-por-desempleo.xls,,07/10/2025,https://www.bps.gub.uy/bps/file/21922/1/iii.3---subsidio-por-desempleo.xls,https://www.bps.gub.uy/bps/observatorio/cuadro.jsp?contentid=12780
V. Régimen de Ahorro Individual (.pdf 952.48 KB) Última modificación: 07/10/2025 Descargar IV. Prestaciones de Pasividad (.,,xls,Descargar iii.2---subsidio-por-enfermedad.xls,,07/10/2025,https://www.bps.gub.uy/bps/file/21921/1/iii.2---subsidio-por-enfermedad.xls,https://www.bps.gub.uy/bps/observatorio/cuadro.jsp?contentid=12780
V. Régimen de Ahorro Individual (.pdf 952.48 KB) Última modificación: 07/10/2025 Descargar IV. Prestaciones de Pasividad (.,,xls,Descargar iii.1---asignaciones-familiares.xls,,07/10/2025,https://www.bps.gub.uy/bps/file/21920/1/iii.1---asignaciones-familiares.xls,https://www.bps.gub.uy/bps/observatorio/cuadro.jsp?contentid=12780
V. Régimen de Ahorro Individual (.pdf 952.48 KB) Última modificación: 07/10/2025 Descargar IV. Prestaciones de Pasividad (.,,xls,Descargar ii.-recaudacion.xls,,07/10/2025,https://www.bps.gub.uy/bps/file/21919/1/ii.-recaudacion.xls,https://www.bps.gub.uy/bps/observatorio/cuadro.jsp?contentid=12780
V. Régimen de Ahorro Individual (.pdf 952.48 KB) Última modificación: 07/10/2025 Descargar IV. Prestaciones de Pasividad (.,,xls,Descargar i.-ingresos-y-egresos-globales.xls,,07/10/2025,https://www.bps.gub.uy/bps/file/21918/1/i.-ingresos-y-egresos-globales.xls,https://www.bps.gub.uy/bps/observatorio/cuadro.jsp?contentid=12780
V. Régimen de Ahorro Individual (.pdf 952.48 KB) Última modificación: 07/10/2025 Descargar IV. Prestaciones de Pasividad (.,,xls,Descargar v.-regimen-de-ahorro-individual.xls,,07/10/2025,https://www.bps.gub.uy/bps/file/21774/1/v.-regimen-de-ahorro-individual.xls,https://www.bps.gub.uy/bps/observatorio/cuadro.jsp?contentid=12780
V. Régimen de Ahorro Individual (.pdf 952.48 KB) Última modificación: 07/10/2025 Descargar IV. Prestaciones de Pasividad (.,,xls,Descargar iv.-prestaciones-de-pasividad.xls,,07/10/2025,https://www.bps.gub.uy/bps/file/21771/1/iv.-prestaciones-de-pasividad.xls,https://www.bps.gub.uy/bps/observatorio/cuadro.jsp?contentid=12780
V. Régimen de Ahorro Individual (.pdf 952.48 KB) Última modificación: 07/10/2025 Descargar IV. Prestaciones de Pasividad (.,,xls,Descargar iii.4---subsidio-por-maternidad-paternidad-y-cuidados-parentales.xls,,07/10/2025,https://www.bps.gub.uy/bps/file/21770/1/iii.4---subsidio-por-maternidad-paternidad-y-cuidados-parentales.xls,https://www.bps.gub.uy/bps/observatorio/cuadro.jsp?contentid=12780
V. Régimen de Ahorro Individual (.pdf 952.48 KB) Última modificación: 07/10/2025 Descargar IV. Prestaciones de Pasividad (.,,xls,Descargar iii.3---subsidio-por-desempleo.xls,,07/10/2025,https://www.bps.gub.uy/bps/file/21769/1/iii.3---subsidio-por-desempleo.xls,https://www.bps.gub.uy/bps/observatorio/cuadro.jsp?contentid=12780
V. Régimen de Ahorro Individual (.pdf 952.48 KB) Última modificación: 07/10/2025 Descargar IV. Prestaciones de Pasividad (.,,xls,Descargar iii.2---subsidio-por-enfermedad.xls,,07/10/2025,https://www.bps.gub.uy/bps/file/21768/1/iii.2---subsidio-por-enfermedad.xls,https://www.bps.gub.uy/bps/observatorio/cuadro.jsp?contentid=12780
V. Régimen de Ahorro Individual (.pdf 952.48 KB) Última modificación: 07/10/2025 Descargar IV. Prestaciones de Pasividad (.,,xls,Descargar iii.1---asignaciones-familiares.xls,,07/10/2025,https://www.bps.gub.uy/bps/file/21767/1/iii.1---asignaciones-familiares.xls,https://www.bps.gub.uy/bps/observatorio/cuadro.jsp?contentid=12780
V. Régimen de Ahorro Individual (.pdf 952.48 KB) Última modificación: 07/10/2025 Descargar IV. Prestaciones de Pasividad (.,,xls,Descargar ii.-recaudacion.xls,,07/10/2025,https://www.bps.gub.uy/bps/file/21766/1/ii.-recaudacion.xls,https://www.bps.gub.uy/bps/observatorio/cuadro.jsp?contentid=12780
V. Régimen de Ahorro Individual (.pdf 952.48 KB) Última modificación: 07/10/2025 Descargar IV. Prestaciones de Pasividad (.,,xls,Descargar i.-ingresos-y-egresos-globales.xls,,07/10/2025,https://www.bps.gub.uy/bps/file/21765/1/i.-ingresos-y-egresos-globales.xls,https://www.bps.gub.uy/bps/observatorio/cuadro.jsp?contentid=12780
V. Régimen de Ahorro Individual (.pdf 952.48 KB) Última modificación: 07/10/2025 Descargar IV. Prestaciones de Pasividad (.,,xls,Descargar v.-regimen-de-ahorro-individual.xls,,07/10/2025,https://www.bps.gub.uy/bps/file/22185/1/v.-regimen-de-ahorro-individual.xls,https://www.bps.gub.uy/bps/observatorio/cuadro.jsp?contentid=12780
V. Régimen de Ahorro Individual (.pdf 952.48 KB) Última modificación: 07/10/2025 Descargar IV. Prestaciones de Pasividad (.,,xls,Descargar iv.-prestaciones-de-pasividad.xls,,07/10/2025,https://www.bps.gub.uy/bps/file/22184/1/iv.-prestaciones-de-pasividad.xls,https://www.bps.gub.uy/bps/observatorio/cuadro.jsp?contentid=12780
V. Régimen de Ahorro Individual (.pdf 952.48 KB) Última modificación: 07/10/2025 Descargar IV. Prestaciones de Pasividad (.,,xls,Descargar iii.4---subsidio-por-maternidad-paternidad-y-cuidados-parentales.xls,,07/10/2025,https://www.bps.gub.uy/bps/file/22183/1/iii.4---subsidio-por-maternidad-paternidad-y-cuidados-parentales.xls,https://www.bps.gub.uy/bps/observatorio/cuadro.jsp?contentid=12780
V. Régimen de Ahorro Individual (.pdf 952.48 KB) Última modificación: 07/10/2025 Descargar IV. Prestaciones de Pasividad (.,,xls,Descargar iii.3---subsidio-por-desempleo.xls,,07/10/2025,https://www.bps.gub.uy/bps/file/22182/1/iii.3---subsidio-por-desempleo.xls,https://www.bps.gub.uy/bps/observatorio/cuadro.jsp?contentid=12780
V. Régimen de Ahorro Individual (.pdf 952.48 KB) Última modificación: 07/10/2025 Descargar IV. Prestaciones de Pasividad (.,,xls,Descargar iii.2---subsidio-por-enfermedad.xls,,07/10/2025,https://www.bps.gub.uy/bps/file/22181/1/iii.2---subsidio-por-enfermedad.xls,https://www.bps.gub.uy/bps/observatorio/cuadro.jsp?contentid=12780
V. Régimen de Ahorro Individual (.pdf 952.48 KB) Última modificación: 07/10/2025 Descargar IV. Prestaciones de Pasividad (.,,xls,Descargar iii.1---asignaciones-familiares.xls,,07/10/2025,https://www.bps.gub.uy/bps/file/22180/1/iii.1---asignaciones-familiares.xls,https://www.bps.gub.uy/bps/observatorio/cuadro.jsp?contentid=12780
V. Régimen de Ahorro Individual (.pdf 952.48 KB) Última modificación: 07/10/2025 Descargar IV. Prestaciones de Pasividad (.,,xls,Descargar ii.-recaudacion.xls,,07/10/2025,https://www.bps.gub.uy/bps/file/22179/1/ii.-recaudacion.xls,https://www.bps.gub.uy/bps/observatorio/cuadro.jsp?contentid=12780
V. Régimen de Ahorro Individual (.pdf 952.48 KB) Última modificación: 07/10/2025 Descargar IV. Prestaciones de Pasividad (.,,xls,Descargar i.-ingresos-y-egresos-globales.xls,,07/10/2025,https://www.bps.gub.uy/bps/file/22178/1/i.-ingresos-y-egresos-globales.xls,https://www.bps.gub.uy/bps/observatorio/cuadro.jsp?contentid=12780
V. Régimen de Ahorro Individual (.pdf 952.48 KB) Última modificación: 07/10/2025 Descargar IV. Prestaciones de Pasividad (.,,xls,Descargar v.-regimen-de-ahorro-individual.xls,,07/10/2025,https://www.bps.gub.uy/bps/file/22201/1/v.-regimen-de-ahorro-individual.xls,https://www.bps.gub.uy/bps/observatorio/cuadro.jsp?contentid=12780
V. Régimen de Ahorro Individual (.pdf 952.48 KB) Última modificación: 07/10/2025 Descargar IV. Prestaciones de Pasividad (.,,xls,Descargar iv.-prestaciones-de-pasividad.xls,,07/10/2025,https://www.bps.gub.uy/bps/file/22200/1/iv.-prestaciones-de-pasividad.xls,https://www.bps.gub.uy/bps/observatorio/cuadro.jsp?contentid=12780
V. Régimen de Ahorro Individual (.pdf 952.48 KB) Última modificación: 07/10/2025 Descargar IV. Prestaciones de Pasividad (.,,xls,Descargar iii.4---subsidio-por-maternidad-paternidad-y-cuidados-parentales.xls,,07/10/2025,https://www.bps.gub.uy/bps/file/22199/1/iii.4---subsidio-por-maternidad-paternidad-y-cuidados-parentales.xls,https://www.bps.gub.uy/bps/observatorio/cuadro.jsp?contentid=12780
V. Régimen de Ahorro Individual (.pdf 952.48 KB) Última modificación: 07/10/2025 Descargar IV. Prestaciones de Pasividad (.,,xls,Descargar iii.3---subsidio-por-desempleo.xls,,07/10/2025,https://www.bps.gub.uy/bps/file/22198/1/iii.3---subsidio-por-desempleo.xls,https://www.bps.gub.uy/bps/observatorio/cuadro.jsp?contentid=12780
V. Régimen de Ahorro Individual (.pdf 952.48 KB) Última modificación: 07/10/2025 Descargar IV. Prestaciones de Pasividad (.,,xls,Descargar iii.2---subsidio-por-enfermedad.xls,,07/10/2025,https://www.bps.gub.uy/bps/file/22197/1/iii.2---subsidio-por-enfermedad.xls,https://www.bps.gub.uy/bps/observatorio/cuadro.jsp?contentid=12780
V. Régimen de Ahorro Individual (.pdf 952.48 KB) Última modificación: 07/10/2025 Descargar IV. Prestaciones de Pasividad (.,,xls,Descargar iii.1---asignaciones-familiares.xls,,07/10/2025,https://www.bps.gub.uy/bps/file/22196/1/iii.1---asignaciones-familiares.xls,https://www.bps.gub.uy/bps/observatorio/cuadro.jsp?contentid=12780
V. Régimen de Ahorro Individual (.pdf 952.48 KB) Última modificación: 07/10/2025 Descargar IV. Prestaciones de Pasividad (.,,xls,Descargar ii.-recaudacion.xls,,07/10/2025,https://www.bps.gub.uy/bps/file/22195/1/ii.-recaudacion.xls,https://www.bps.gub.uy/bps/observatorio/cuadro.jsp?contentid=12780
V. Régimen de Ahorro Individual (.pdf 952.48 KB) Última modificación: 07/10/2025 Descargar IV. Prestaciones de Pasividad (.,,xls,Descargar i.-ingresos-y-egresos-globales.xls,,07/10/2025,https://www.bps.gub.uy/bps/file/22194/1/i.-ingresos-y-egresos-globales.xls,https://www.bps.gub.uy/bps/observatorio/cuadro.jsp?contentid=12780
V. Régimen de Ahorro Individual (.pdf 952.48 KB) Última modificación: 07/10/2025 Descargar IV. Prestaciones de Pasividad (.,,xls,Descargar v.-regimen-de-ahorro-individual.xls,,07/10/2025,https://www.bps.gub.uy/bps/file/22209/1/v.-regimen-de-ahorro-individual.xls,https://www.bps.gub.uy/bps/observatorio/cuadro.jsp?contentid=12780
V. Régimen de Ahorro Individual (.pdf 952.48 KB) Última modificación: 07/10/2025 Descargar IV. Prestaciones de Pasividad (.,,xls,Descargar iv.-prestaciones-de-pasividad.xls,,07/10/2025,https://www.bps.gub.uy/bps/file/22208/1/iv.-prestaciones-de-pasividad.xls,https://www.bps.gub.uy/bps/observatorio/cuadro.jsp?contentid=12780
V. Régimen de Ahorro Individual (.pdf 952.48 KB) Última modificación: 07/10/2025 Descargar IV. Prestaciones de Pasividad (.,,xls,Descargar iii.4---subsidio-por-maternidad-paternidad-y-cuidados-parentales.xls,,07/10/2025,https://www.bps.gub.uy/bps/file/22207/1/iii.4---subsidio-por-maternidad-paternidad-y-cuidados-parentales.xls,https://www.bps.gub.uy/bps/observatorio/cuadro.jsp?contentid=12780
V. Régimen de Ahorro Individual (.pdf 952.48 KB) Última modificación: 07/10/2025 Descargar IV. Prestaciones de Pasividad (.,,xls,Descargar iii.3---subsidio-por-desempleo.xls,,07/10/2025,https://www.bps.gub.uy/bps/file/22206/1/iii.3---subsidio-por-desempleo.xls,https://www.bps.gub.uy/bps/observatorio/cuadro.jsp?contentid=12780
V. Régimen de Ahorro Individual (.pdf 952.48 KB) Última modificación: 07/10/2025 Descargar IV. Prestaciones de Pasividad (.,,xls,Descargar iii.2---subsidio-por-enfermedad.xls,,07/10/2025,https://www.bps.gub.uy/bps/file/22205/1/iii.2---subsidio-por-enfermedad.xls,https://www.bps.gub.uy/bps/observatorio/cuadro.jsp?contentid=12780
V. Régimen de Ahorro Individual (.pdf 952.48 KB) Última modificación: 07/10/2025 Descargar IV. Prestaciones de Pasividad (.,,xls,Descargar iii.1---asignaciones-familiares.xls,,07/10/2025,https://www.bps.gub.uy/bps/file/22204/1/iii.1---asignaciones-familiares.xls,https://www.bps.gub.uy/bps/observatorio/cuadro.jsp?contentid=12780
V. Régimen de Ahorro Individual (.pdf 952.48 KB) Última modificación: 07/10/2025 Descargar IV. Prestaciones de Pasividad (.,,xls,Descargar ii.-recaudacion.xls,,07/10/2025,https://www.bps.gub.uy/bps/file/22203/1/ii.-recaudacion.xls,https://www.bps.gub.uy/bps/observatorio/cuadro.jsp?contentid=12780
V. Régimen de Ahorro Individual (.pdf 952.48 KB) Última modificación: 07/10/2025 Descargar IV. Prestaciones de Pasividad (.,,xls,Descargar i.-ingresos-y-egresos-globales.xls,,07/10/2025,https://www.bps.gub.uy/bps/file/22202/1/i.-ingresos-y-egresos-globales.xls,https://www.bps.gub.uy/bps/observatorio/cuadro.jsp?contentid=12780
V. Régimen de Ahorro Individual (.pdf 952.48 KB) Última modificación: 07/10/2025 Descargar IV. Prestaciones de Pasividad (.,,xls,Descargar v.-regimen-de-ahorro-individual.xls,,07/10/2025,https://www.bps.gub.uy/bps/file/22217/1/v.-regimen-de-ahorro-individual.xls,https://www.bps.gub.uy/bps/observatorio/cuadro.jsp?contentid=12780
V. Régimen de Ahorro Individual (.pdf 952.48 KB) Última modificación: 07/10/2025 Descargar IV. Prestaciones de Pasividad (.,,xls,Descargar iv.-prestaciones-de-pasividad.xls,,07/10/2025,https://www.bps.gub.uy/bps/file/22216/1/iv.-prestaciones-de-pasividad.xls,https://www.bps.gub.uy/bps/observatorio/cuadro.jsp?contentid=12780
V. Régimen de Ahorro Individual (.pdf 952.48 KB) Última modificación: 07/10/2025 Descargar IV. Prestaciones de Pasividad (.,,xls,Descargar iii.4---subsidio-por-maternidad-paternidad-y-cuidados-parentales.xls,,07/10/2025,https://www.bps.gub.uy/bps/file/22215/1/iii.4---subsidio-por-maternidad-paternidad-y-cuidados-parentales.xls,https://www.bps.gub.uy/bps/observatorio/cuadro.jsp?contentid=12780
V. Régimen de Ahorro Individual (.pdf 952.48 KB) Última modificación: 07/10/2025 Descargar IV. Prestaciones de Pasividad (.,,xls,Descargar iii.3---subsidio-por-desempleo.xls,,07/10/2025,https://www.bps.gub.uy/bps/file/22214/1/iii.3---subsidio-por-desempleo.xls,https://www.bps.gub.uy/bps/observatorio/cuadro.jsp?contentid=12780
V. Régimen de Ahorro Individual (.pdf 952.48 KB) Última modificación: 07/10/2025 Descargar IV. Prestaciones de Pasividad (.,,xls,Descargar iii.2---subsidio-por-enfermedad.xls,,07/10/2025,https://www.bps.gub.uy/bps/file/22213/1/iii.2---subsidio-por-enfermedad.xls,https://www.bps.gub.uy/bps/observatorio/cuadro.jsp?contentid=12780
V. Régimen de Ahorro Individual (.pdf 952.48 KB) Última modificación: 07/10/2025 Descargar IV. Prestaciones de Pasividad (.,,xls,Descargar iii.1---asignaciones-familiares.xls,,07/10/2025,https://www.bps.gub.uy/bps/file/22212/1/iii.1---asignaciones-familiares.xls,https://www.bps.gub.uy/bps/observatorio/cuadro.jsp?contentid=12780
V. Régimen de Ahorro Individual (.pdf 952.48 KB) Última modificación: 07/10/2025 Descargar IV. Prestaciones de Pasividad (.,,xls,Descargar ii.-recaudacion.xls,,07/10/2025,https://www.bps.gub.uy/bps/file/22211/1/ii.-recaudacion.xls,https://www.bps.gub.uy/bps/observatorio/cuadro.jsp?contentid=12780
V. Régimen de Ahorro Individual (.pdf 952.48 KB) Última modificación: 07/10/2025 Descargar IV. Prestaciones de Pasividad (.,,xls,Descargar i.-ingresos-y-egresos-globales.xls,,07/10/2025,https://www.bps.gub.uy/bps/file/22210/1/i.-ingresos-y-egresos-globales.xls,https://www.bps.gub.uy/bps/observatorio/cuadro.jsp?contentid=12780
V. Régimen de Ahorro Individual (.pdf 952.48 KB) Última modificación: 07/10/2025 Descargar IV. Prestaciones de Pasividad (.,,xls,Descargar iii.3---subsidio-por-desempleo.xls,,07/10/2025,https://www.bps.gub.uy/bps/file/22190/1/iii.3---subsidio-por-desempleo.xls,https://www.bps.gub.uy/bps/observatorio/cuadro.jsp?contentid=12780
V. Régimen de Ahorro Individual (.pdf 952.48 KB) Última modificación: 07/10/2025 Descargar IV. Prestaciones de Pasividad (.,,xls,Descargar 11221_1_v.-regimen-de-ahorro-individual.xls,,07/10/2025,https://www.bps.gub.uy/bps/file/22193/1/11221_1_v.-regimen-de-ahorro-individual.xls,https://www.bps.gub.uy/bps/observatorio/cuadro.jsp?contentid=12780
V. Régimen de Ahorro Individual (.pdf 952.48 KB) Última modificación: 07/10/2025 Descargar IV. Prestaciones de Pasividad (.,,xls,Descargar 11220_1_iv.-prestaciones-de-pasividad.xls,,07/10/2025,https://www.bps.gub.uy/bps/file/22192/1/11220_1_iv.-prestaciones-de-pasividad.xls,https://www.bps.gub.uy/bps/observatorio/cuadro.jsp?contentid=12780
V. Régimen de Ahorro Individual (.pdf 952.48 KB) Última modificación: 07/10/2025 Descargar IV. Prestaciones de Pasividad (.,,xls,Descargar 11219_1_iii.4---subsidio-por-maternidad.xls,,07/10/2025,https://www.bps.gub.uy/bps/file/22191/1/11219_1_iii.4---subsidio-por-maternidad.xls,https://www.bps.gub.uy/bps/observatorio/cuadro.jsp?contentid=12780
V. Régimen de Ahorro Individual (.pdf 952.48 KB) Última modificación: 07/10/2025 Descargar IV. Prestaciones de Pasividad (.,,xls,Descargar 11539_1_iii.2-seguro-por-enfermedad.xls,,07/10/2025,https://www.bps.gub.uy/bps/file/22189/1/11539_1_iii.2-seguro-por-enfermedad.xls,https://www.bps.gub.uy/bps/observatorio/cuadro.jsp?contentid=12780
V. Régimen de Ahorro Individual (.pdf 952.48 KB) Última modificación: 07/10/2025 Descargar IV. Prestaciones de Pasividad (.,,xls,Descargar 11538_1_iii.1-asignaciones-familiares.xls,,07/10/2025,https://www.bps.gub.uy/bps/file/22188/1/11538_1_iii.1-asignaciones-familiares.xls,https://www.bps.gub.uy/bps/observatorio/cuadro.jsp?contentid=12780
V. Régimen de Ahorro Individual (.pdf 952.48 KB) Última modificación: 07/10/2025 Descargar IV. Prestaciones de Pasividad (.,,xls,Descargar 11537_1_ii.-recaudacion.xls,,07/10/2025,https://www.bps.gub.uy/bps/file/22187/1/11537_1_ii.-recaudacion.xls,https://www.bps.gub.uy/bps/observatorio/cuadro.jsp?contentid=12780
V. Régimen de Ahorro Individual (.pdf 952.48 KB) Última modificación: 07/10/2025 Descargar IV. Prestaciones de Pasividad (.,,xls,Descargar 11536_1_i.-ingresos-y-egresos-globales.xls,,07/10/2025,https://www.bps.gub.uy/bps/file/22186/1/11536_1_i.-ingresos-y-egresos-globales.xls,https://www.bps.gub.uy/bps/observatorio/cuadro.jsp?contentid=12780
V. Régimen de Ahorro Individual (.pdf 952.48 KB) Última modificación: 07/10/2025 Descargar IV. Prestaciones de Pasividad (.,,xls,Descargar 10665_1_v.regimen-de-ahorro-individual.xls,,07/10/2025,https://www.bps.gub.uy/bps/file/22225/1/10665_1_v.regimen-de-ahorro-individual.xls,https://www.bps.gub.uy/bps/observatorio/cuadro.jsp?contentid=12780
V. Régimen de Ahorro Individual (.pdf 952.48 KB) Última modificación: 07/10/2025 Descargar IV. Prestaciones de Pasividad (.,,xls,Descargar 10664_1_iv.-prestaciones-de-pasividad.xls,,07/10/2025,https://www.bps.gub.uy/bps/file/22224/1/10664_1_iv.-prestaciones-de-pasividad.xls,https://www.bps.gub.uy/bps/observatorio/cuadro.jsp?contentid=12780
V. Régimen de Ahorro Individual (.pdf 952.48 KB) Última modificación: 07/10/2025 Descargar IV. Prestaciones de Pasividad (.,,xls,Descargar 10663_1_iii.4-seguro-por-maternidad.xls,,07/10/2025,https://www.bps.gub.uy/bps/file/22223/1/10663_1_iii.4-seguro-por-maternidad.xls,https://www.bps.gub.uy/bps/observatorio/cuadro.jsp?contentid=12780
V. Régimen de Ahorro Individual (.pdf 952.48 KB) Última modificación: 07/10/2025 Descargar IV. Prestaciones de Pasividad (.,,xls,Descargar 10662_1_iii.3-seguro-por-desempleo.xls,,07/10/2025,https://www.bps.gub.uy/bps/file/22222/1/10662_1_iii.3-seguro-por-desempleo.xls,https://www.bps.gub.uy/bps/observatorio/cuadro.jsp?contentid=12780
V. Régimen de Ahorro Individual (.pdf 952.48 KB) Última modificación: 07/10/2025 Descargar IV. Prestaciones de Pasividad (.,,xls,Descargar 10661_1_iii.2-seguro-por-enfermedad.xls,,07/10/2025,https://www.bps.gub.uy/bps/file/22221/1/10661_1_iii.2-seguro-por-enfermedad.xls,https://www.bps.gub.uy/bps/observatorio/cuadro.jsp?contentid=12780
V. Régimen de Ahorro Individual (.pdf 952.48 KB) Última modificación: 07/10/2025 Descargar IV. Prestaciones de Pasividad (.,,xls,Descargar 10660_1_iii.1-asignaciones-familiares.xls,,07/10/2025,https://www.bps.gub.uy/bps/file/22220/1/10660_1_iii.1-asignaciones-familiares.xls,https://www.bps.gub.uy/bps/observatorio/cuadro.jsp?contentid=12780
V. Régimen de Ahorro Individual (.pdf 952.48 KB) Última modificación: 07/10/2025 Descargar IV. Prestaciones de Pasividad (.,,xls,Descargar 10659_1_ii.recaudacion.xls,,07/10/2025,https://www.bps.gub.uy/bps/file/22219/1/10659_1_ii.recaudacion.xls,https://www.bps.gub.uy/bps/observatorio/cuadro.jsp?contentid=12780
V. Régimen de Ahorro Individual (.pdf 952.48 KB) Última modificación: 07/10/2025 Descargar IV. Prestaciones de Pasividad (.,,xls,Descargar 10658_1_i.ingresos-y-egresos-globales.xls,,07/10/2025,https://www.bps.gub.uy/bps/file/22218/1/10658_1_i.ingresos-y-egresos-globales.xls,https://www.bps.gub.uy/bps/observatorio/cuadro.jsp?contentid=12780
V. Régimen de Ahorro Individual (.pdf 952.48 KB) Última modificación: 07/10/2025 Descargar IV. Prestaciones de Pasividad (.,,xls,Descargar v.-regimen-de-ahorro-individual.xls,,07/10/2025,https://www.bps.gub.uy/bps/file/21220/1/v.-regimen-de-ahorro-individual.xls,https://www.bps.gub.uy/bps/observatorio/cuadro.jsp?contentid=12780
V. Régimen de Ahorro Individual (.pdf 952.48 KB) Última modificación: 07/10/2025 Descargar IV. Prestaciones de Pasividad (.,,xls,Descargar iv.-prestaciones-de-pasividad.xls,,07/10/2025,https://www.bps.gub.uy/bps/file/21219/1/iv.-prestaciones-de-pasividad.xls,https://www.bps.gub.uy/bps/observatorio/cuadro.jsp?contentid=12780
V. Régimen de Ahorro Individual (.pdf 952.48 KB) Última modificación: 07/10/2025 Descargar IV. Prestaciones de Pasividad (.,,xls,Descargar iii.4--subsidio-por-maternidad-paternidad-y-cuidados-parentales.xls,,07/10/2025,https://www.bps.gub.uy/bps/file/21218/1/iii.4--subsidio-por-maternidad-paternidad-y-cuidados-parentales.xls,https://www.bps.gub.uy/bps/observatorio/cuadro.jsp?contentid=12780
V. Régimen de Ahorro Individual (.pdf 952.48 KB) Última modificación: 07/10/2025 Descargar IV. Prestaciones de Pasividad (.,,xls,Descargar iii.3---subsidio-por-desempleo.xls,,07/10/2025,https://www.bps.gub.uy/bps/file/21217/1/iii.3---subsidio-por-desempleo.xls,https://www.bps.gub.uy/bps/observatorio/cuadro.jsp?contentid=12780
V. Régimen de Ahorro Individual (.pdf 952.48 KB) Última modificación: 07/10/2025 Descargar IV. Prestaciones de Pasividad (.,,xls,Descargar iii.2-subsidio-por-enfermedad.xls,,07/10/2025,https://www.bps.gub.uy/bps/file/21216/1/iii.2-subsidio-por-enfermedad.xls,https://www.bps.gub.uy/bps/observatorio/cuadro.jsp?contentid=12780
V. Régimen de Ahorro Individual (.pdf 952.48 KB) Última modificación: 07/10/2025 Descargar IV. Prestaciones de Pasividad (.,,xls,Descargar iii.1-asignaciones-familiares.xls,,07/10/2025,https://www.bps.gub.uy/bps/file/21215/1/iii.1-asignaciones-familiares.xls,https://www.bps.gub.uy/bps/observatorio/cuadro.jsp?contentid=12780
V. Régimen de Ahorro Individual (.pdf 952.48 KB) Última modificación: 07/10/2025 Descargar IV. Prestaciones de Pasividad (.,,xls,Descargar ii.-recaudacion.xls,,07/10/2025,https://www.bps.gub.uy/bps/file/21214/1/ii.-recaudacion.xls,https://www.bps.gub.uy/bps/observatorio/cuadro.jsp?contentid=12780
V. Régimen de Ahorro Individual (.pdf 952.48 KB) Última modificación: 07/10/2025 Descargar IV. Prestaciones de Pasividad (.,,xls,Descargar i.-ingresos-y-egresos-globales.-octubre-2023.xls,,07/10/2025,https://www.bps.gub.uy/bps/file/22226/1/i.-ingresos-y-egresos-globales.-octubre-2023.xls,https://www.bps.gub.uy/bps/observatorio/cuadro.jsp?contentid=12780
V. Régimen de Ahorro Individual (.pdf 952.48 KB) Última modificación: 07/10/2025 Descargar IV. Prestaciones de Pasividad (.,,xls,Descargar v.-regimen-de-ahorro-individual.xls,,07/10/2025,https://www.bps.gub.uy/bps/file/21045/1/v.-regimen-de-ahorro-individual.xls,https://www.bps.gub.uy/bps/observatorio/cuadro.jsp?contentid=12780
V. Régimen de Ahorro Individual (.pdf 952.48 KB) Última modificación: 07/10/2025 Descargar IV. Prestaciones de Pasividad (.,,xls,Descargar iv.-prestaciones-de-pasividad.xls,,07/10/2025,https://www.bps.gub.uy/bps/file/21044/1/iv.-prestaciones-de-pasividad.xls,https://www.bps.gub.uy/bps/observatorio/cuadro.jsp?contentid=12780
V. Régimen de Ahorro Individual (.pdf 952.48 KB) Última modificación: 07/10/2025 Descargar IV. Prestaciones de Pasividad (.,,xls,Descargar iii.4---subsidio-por-maternidad-paternidad-y-cuidados-parentales.xls,,07/10/2025,https://www.bps.gub.uy/bps/file/21043/1/iii.4---subsidio-por-maternidad-paternidad-y-cuidados-parentales.xls,https://www.bps.gub.uy/bps/observatorio/cuadro.jsp?contentid=12780
V. Régimen de Ahorro Individual (.pdf 952.48 KB) Última modificación: 07/10/2025 Descargar IV. Prestaciones de Pasividad (.,,xls,Descargar iii.3---subsidio-por-desempleo.xls,,07/10/2025,https://www.bps.gub.uy/bps/file/21042/1/iii.3---subsidio-por-desempleo.xls,https://www.bps.gub.uy/bps/observatorio/cuadro.jsp?contentid=12780
V. Régimen de Ahorro Individual (.pdf 952.48 KB) Última modificación: 07/10/2025 Descargar IV. Prestaciones de Pasividad (.,,xls,Descargar iii.2---subsidio-por-enfermedad.xls,,07/10/2025,https://www.bps.gub.uy/bps/file/21041/1/iii.2---subsidio-por-enfermedad.xls,https://www.bps.gub.uy/bps/observatorio/cuadro.jsp?contentid=12780
V. Régimen de Ahorro Individual (.pdf 952.48 KB) Última modificación: 07/10/2025 Descargar IV. Prestaciones de Pasividad (.,,xls,Descargar iii.1---asignaciones-familiares.xls,,07/10/2025,https://www.bps.gub.uy/bps/file/21040/1/iii.1---asignaciones-familiares.xls,https://www.bps.gub.uy/bps/observatorio/cuadro.jsp?contentid=12780
V. Régimen de Ahorro Individual (.pdf 952.48 KB) Última modificación: 07/10/2025 Descargar IV. Prestaciones de Pasividad (.,,xls,Descargar ii.-recaudacion.xls,,07/10/2025,https://www.bps.gub.uy/bps/file/21039/1/ii.-recaudacion.xls,https://www.bps.gub.uy/bps/observatorio/cuadro.jsp?contentid=12780
V. Régimen de Ahorro Individual (.pdf 952.48 KB) Última modificación: 07/10/2025 Descargar IV. Prestaciones de Pasividad (.,,xls,Descargar i.-ingresos-y-egresos-globales.-setiembre-2023.xls,,07/10/2025,https://www.bps.gub.uy/bps/file/22227/1/i.-ingresos-y-egresos-globales.-setiembre-2023.xls,https://www.bps.gub.uy/bps/observatorio/cuadro.jsp?contentid=12780
V. Régimen de Ahorro Individual (.pdf 952.48 KB) Última modificación: 07/10/2025 Descargar IV. Prestaciones de Pasividad (.,,xls,Descargar v.-regimen-de-ahorro-individual.xls,,07/10/2025,https://www.bps.gub.uy/bps/file/20984/1/v.-regimen-de-ahorro-individual.xls,https://www.bps.gub.uy/bps/observatorio/cuadro.jsp?contentid=12780
V. Régimen de Ahorro Individual (.pdf 952.48 KB) Última modificación: 07/10/2025 Descargar IV. Prestaciones de Pasividad (.,,xls,Descargar iv.-prestaciones-de-pasividad.xls,,07/10/2025,https://www.bps.gub.uy/bps/file/20983/1/iv.-prestaciones-de-pasividad.xls,https://www.bps.gub.uy/bps/observatorio/cuadro.jsp?contentid=12780
V. Régimen de Ahorro Individual (.pdf 952.48 KB) Última modificación: 07/10/2025 Descargar IV. Prestaciones de Pasividad (.,,xls,Descargar iii.4---subsidio-por-maternidad-paternidad-y-cuidados-parentales.xls,,07/10/2025,https://www.bps.gub.uy/bps/file/20982/1/iii.4---subsidio-por-maternidad-paternidad-y-cuidados-parentales.xls,https://www.bps.gub.uy/bps/observatorio/cuadro.jsp?contentid=12780
V. Régimen de Ahorro Individual (.pdf 952.48 KB) Última modificación: 07/10/2025 Descargar IV. Prestaciones de Pasividad (.,,xls,Descargar iii.3---subsidio-por-desempleo.xls,,07/10/2025,https://www.bps.gub.uy/bps/file/20981/1/iii.3---subsidio-por-desempleo.xls,https://www.bps.gub.uy/bps/observatorio/cuadro.jsp?contentid=12780
V. Régimen de Ahorro Individual (.pdf 952.48 KB) Última modificación: 07/10/2025 Descargar IV. Prestaciones de Pasividad (.,,xls,Descargar iii.2---subsidio-por-enfermedad.xls,,07/10/2025,https://www.bps.gub.uy/bps/file/20980/1/iii.2---subsidio-por-enfermedad.xls,https://www.bps.gub.uy/bps/observatorio/cuadro.jsp?contentid=12780
V. Régimen de Ahorro Individual (.pdf 952.48 KB) Última modificación: 07/10/2025 Descargar IV. Prestaciones de Pasividad (.,,xls,Descargar iii.1---asignaciones-familiares.xls,,07/10/2025,https://www.bps.gub.uy/bps/file/20979/1/iii.1---asignaciones-familiares.xls,https://www.bps.gub.uy/bps/observatorio/cuadro.jsp?contentid=12780
V. Régimen de Ahorro Individual (.pdf 952.48 KB) Última modificación: 07/10/2025 Descargar IV. Prestaciones de Pasividad (.,,xls,Descargar 2.-recaudacion.xls,,07/10/2025,https://www.bps.gub.uy/bps/file/20978/1/2.-recaudacion.xls,https://www.bps.gub.uy/bps/observatorio/cuadro.jsp?contentid=12780
V. Régimen de Ahorro Individual (.pdf 952.48 KB) Última modificación: 07/10/2025 Descargar IV. Prestaciones de Pasividad (.,,xls,Descargar i.-ingresos-y-egresos-globales.-agosto-2023.xls,,07/10/2025,https://www.bps.gub.uy/bps/file/22228/1/i.-ingresos-y-egresos-globales.-agosto-2023.xls,https://www.bps.gub.uy/bps/observatorio/cuadro.jsp?contentid=12780
V. Régimen de Ahorro Individual (.pdf 952.48 KB) Última modificación: 07/10/2025 Descargar IV. Prestaciones de Pasividad (.,,xls,Descargar v.-regimen-de-ahorro-individual.xls,,07/10/2025,https://www.bps.gub.uy/bps/file/20862/1/v.-regimen-de-ahorro-individual.xls,https://www.bps.gub.uy/bps/observatorio/cuadro.jsp?contentid=12780
V. Régimen de Ahorro Individual (.pdf 952.48 KB) Última modificación: 07/10/2025 Descargar IV. Prestaciones de Pasividad (.,,xls,Descargar iv.-prestaciones-de-pasividad.xls,,07/10/2025,https://www.bps.gub.uy/bps/file/20861/1/iv.-prestaciones-de-pasividad.xls,https://www.bps.gub.uy/bps/observatorio/cuadro.jsp?contentid=12780
V. Régimen de Ahorro Individual (.pdf 952.48 KB) Última modificación: 07/10/2025 Descargar IV. Prestaciones de Pasividad (.,,xls,Descargar iii.-4-subsidos-por-maternidad-paternidad-y-cuidados-del-recien-nacido.xls,,07/10/2025,https://www.bps.gub.uy/bps/file/20860/1/iii.-4-subsidos-por-maternidad-paternidad-y-cuidados-del-recien-nacido.xls,https://www.bps.gub.uy/bps/observatorio/cuadro.jsp?contentid=12780
V. Régimen de Ahorro Individual (.pdf 952.48 KB) Última modificación: 07/10/2025 Descargar IV. Prestaciones de Pasividad (.,,xls,Descargar iii.3.-subsidio-por-desempleo.xls,,07/10/2025,https://www.bps.gub.uy/bps/file/20859/1/iii.3.-subsidio-por-desempleo.xls,https://www.bps.gub.uy/bps/observatorio/cuadro.jsp?contentid=12780
V. Régimen de Ahorro Individual (.pdf 952.48 KB) Última modificación: 07/10/2025 Descargar IV. Prestaciones de Pasividad (.,,xls,Descargar iii.2.-subsidio-por-enfermedad.xls,,07/10/2025,https://www.bps.gub.uy/bps/file/20858/1/iii.2.-subsidio-por-enfermedad.xls,https://www.bps.gub.uy/bps/observatorio/cuadro.jsp?contentid=12780
V. Régimen de Ahorro Individual (.pdf 952.48 KB) Última modificación: 07/10/2025 Descargar IV. Prestaciones de Pasividad (.,,xls,Descargar iii.1.-asignaciones-familiares.xls,,07/10/2025,https://www.bps.gub.uy/bps/file/20857/1/iii.1.-asignaciones-familiares.xls,https://www.bps.gub.uy/bps/observatorio/cuadro.jsp?contentid=12780
V. Régimen de Ahorro Individual (.pdf 952.48 KB) Última modificación: 07/10/2025 Descargar IV. Prestaciones de Pasividad (.,,xls,Descargar ii.-recaudacion.xls,,07/10/2025,https://www.bps.gub.uy/bps/file/20856/1/ii.-recaudacion.xls,https://www.bps.gub.uy/bps/observatorio/cuadro.jsp?contentid=12780
V. Régimen de Ahorro Individual (.pdf 952.48 KB) Última modificación: 07/10/2025 Descargar IV. Prestaciones de Pasividad (.,,xls,Descargar i.-ingresos-y-egresos-globales.-julio-2023.xls,,07/10/2025,https://www.bps.gub.uy/bps/file/20855/3/i.-ingresos-y-egresos-globales.-julio-2023.xls,https://www.bps.gub.uy/bps/observatorio/cuadro.jsp?contentid=12780
V. Régimen de Ahorro Individual (.pdf 952.48 KB) Última modificación: 07/10/2025 Descargar IV. Prestaciones de Pasividad (.,,xls,Descargar v.-regimen-de-ahorro-individual.xls,,07/10/2025,https://www.bps.gub.uy/bps/file/20781/1/v.-regimen-de-ahorro-individual.xls,https://www.bps.gub.uy/bps/observatorio/cuadro.jsp?contentid=12780
V. Régimen de Ahorro Individual (.pdf 952.48 KB) Última modificación: 07/10/2025 Descargar IV. Prestaciones de Pasividad (.,,xls,Descargar iv.-prestaciones-de-pasividad.xls,,07/10/2025,https://www.bps.gub.uy/bps/file/20780/1/iv.-prestaciones-de-pasividad.xls,https://www.bps.gub.uy/bps/observatorio/cuadro.jsp?contentid=12780
V. Régimen de Ahorro Individual (.pdf 952.48 KB) Última modificación: 07/10/2025 Descargar IV. Prestaciones de Pasividad (.,,xls,Descargar iii.4---subsidios-por-maternidad-paternidad-y-cuidados-del-recien-nacido.-junio-2023.xls,,07/10/2025,https://www.bps.gub.uy/bps/file/20779/1/iii.4---subsidios-por-maternidad-paternidad-y-cuidados-del-recien-nacido.-junio-2023.xls,https://www.bps.gub.uy/bps/observatorio/cuadro.jsp?contentid=12780
V. Régimen de Ahorro Individual (.pdf 952.48 KB) Última modificación: 07/10/2025 Descargar IV. Prestaciones de Pasividad (.,,xls,Descargar iii.3---subsidio-por-desempleo.-junio-2023.xls,,07/10/2025,https://www.bps.gub.uy/bps/file/20778/1/iii.3---subsidio-por-desempleo.-junio-2023.xls,https://www.bps.gub.uy/bps/observatorio/cuadro.jsp?contentid=12780
V. Régimen de Ahorro Individual (.pdf 952.48 KB) Última modificación: 07/10/2025 Descargar IV. Prestaciones de Pasividad (.,,xls,Descargar iii.2---subsidio-por-enfermedad.xls,,07/10/2025,https://www.bps.gub.uy/bps/file/20777/1/iii.2---subsidio-por-enfermedad.xls,https://www.bps.gub.uy/bps/observatorio/cuadro.jsp?contentid=12780
V. Régimen de Ahorro Individual (.pdf 952.48 KB) Última modificación: 07/10/2025 Descargar IV. Prestaciones de Pasividad (.,,xls,Descargar iii.1---asignaciones-familiares.xls,,07/10/2025,https://www.bps.gub.uy/bps/file/20776/1/iii.1---asignaciones-familiares.xls,https://www.bps.gub.uy/bps/observatorio/cuadro.jsp?contentid=12780
V. Régimen de Ahorro Individual (.pdf 952.48 KB) Última modificación: 07/10/2025 Descargar IV. Prestaciones de Pasividad (.,,xls,Descargar ii.-recaudacion.xls,,07/10/2025,https://www.bps.gub.uy/bps/file/20775/1/ii.-recaudacion.xls,https://www.bps.gub.uy/bps/observatorio/cuadro.jsp?contentid=12780
V. Régimen de Ahorro Individual (.pdf 952.48 KB) Última modificación: 07/10/2025 Descargar IV. Prestaciones de Pasividad (.,,xls,Descargar i.-ingresos-y-egresos-globales.-junio-2023.xls,,07/10/2025,https://www.bps.gub.uy/bps/file/20774/3/i.-ingresos-y-egresos-globales.-junio-2023.xls,https://www.bps.gub.uy/bps/observatorio/cuadro.jsp?contentid=12780
V. Régimen de Ahorro Individual (.pdf 952.48 KB) Última modificación: 07/10/2025 Descargar IV. Prestaciones de Pasividad (.,,xls,Descargar v_regimen-de-ahorro-individual.xls,,07/10/2025,https://www.bps.gub.uy/bps/file/20689/1/v_regimen-de-ahorro-individual.xls,https://www.bps.gub.uy/bps/observatorio/cuadro.jsp?contentid=12780
V. Régimen de Ahorro Individual (.pdf 952.48 KB) Última modificación: 07/10/2025 Descargar IV. Prestaciones de Pasividad (.,,xls,Descargar iv_prestaciones-de-pasividad.xls,,07/10/2025,https://www.bps.gub.uy/bps/file/20688/1/iv_prestaciones-de-pasividad.xls,https://www.bps.gub.uy/bps/observatorio/cuadro.jsp?contentid=12780
V. Régimen de Ahorro Individual (.pdf 952.48 KB) Última modificación: 07/10/2025 Descargar IV. Prestaciones de Pasividad (.,,xls,Descargar iii_4_subsidios-por-maternidad-paternidad-y-crn.xls,,07/10/2025,https://www.bps.gub.uy/bps/file/20687/1/iii_4_subsidios-por-maternidad-paternidad-y-crn.xls,https://www.bps.gub.uy/bps/observatorio/cuadro.jsp?contentid=12780
V. Régimen de Ahorro Individual (.pdf 952.48 KB) Última modificación: 07/10/2025 Descargar IV. Prestaciones de Pasividad (.,,xls,Descargar iii_3_subsidio-por-desempleo.xls,,07/10/2025,https://www.bps.gub.uy/bps/file/20686/1/iii_3_subsidio-por-desempleo.xls,https://www.bps.gub.uy/bps/observatorio/cuadro.jsp?contentid=12780
V. Régimen de Ahorro Individual (.pdf 952.48 KB) Última modificación: 07/10/2025 Descargar IV. Prestaciones de Pasividad (.,,xls,Descargar iii_2_subsidio-por-enfermedad.xls,,07/10/2025,https://www.bps.gub.uy/bps/file/20685/1/iii_2_subsidio-por-enfermedad.xls,https://www.bps.gub.uy/bps/observatorio/cuadro.jsp?contentid=12780
V. Régimen de Ahorro Individual (.pdf 952.48 KB) Última modificación: 07/10/2025 Descargar IV. Prestaciones de Pasividad (.,,xls,Descargar iii_1_asignaciones-familiares.xls,,07/10/2025,https://www.bps.gub.uy/bps/file/20684/1/iii_1_asignaciones-familiares.xls,https://www.bps.gub.uy/bps/observatorio/cuadro.jsp?contentid=12780
V. Régimen de Ahorro Individual (.pdf 952.48 KB) Última modificación: 07/10/2025 Descargar IV. Prestaciones de Pasividad (.,,xls,Descargar ii_recaudacion.xls,,07/10/2025,https://www.bps.gub.uy/bps/file/20683/1/ii_recaudacion.xls,https://www.bps.gub.uy/bps/observatorio/cuadro.jsp?contentid=12780
V. Régimen de Ahorro Individual (.pdf 952.48 KB) Última modificación: 07/10/2025 Descargar IV. Prestaciones de Pasividad (.,,xls,Descargar i.-ingresos-y-egresos-globales.-mayo-2023.xls,,07/10/2025,https://www.bps.gub.uy/bps/file/20682/3/i.-ingresos-y-egresos-globales.-mayo-2023.xls,https://www.bps.gub.uy/bps/observatorio/cuadro.jsp?contentid=12780
V. Régimen de Ahorro Individual (.pdf 952.48 KB) Última modificación: 07/10/2025 Descargar IV. Prestaciones de Pasividad (.,,xls,Descargar v.-regimen-de-ahorro-individual.xls,,07/10/2025,https://www.bps.gub.uy/bps/file/20643/1/v.-regimen-de-ahorro-individual.xls,https://www.bps.gub.uy/bps/observatorio/cuadro.jsp?contentid=12780
V. Régimen de Ahorro Individual (.pdf 952.48 KB) Última modificación: 07/10/2025 Descargar IV. Prestaciones de Pasividad (.,,xls,Descargar iv.-prestaciones-de-pasividad.xls,,07/10/2025,https://www.bps.gub.uy/bps/file/20642/1/iv.-prestaciones-de-pasividad.xls,https://www.bps.gub.uy/bps/observatorio/cuadro.jsp?contentid=12780
V. Régimen de Ahorro Individual (.pdf 952.48 KB) Última modificación: 07/10/2025 Descargar IV. Prestaciones de Pasividad (.,,xls,Descargar iii.4---subsidio-por-maternidad-paternidad-y-cuidados-parentales.xls,,07/10/2025,https://www.bps.gub.uy/bps/file/20641/1/iii.4---subsidio-por-maternidad-paternidad-y-cuidados-parentales.xls,https://www.bps.gub.uy/bps/observatorio/cuadro.jsp?contentid=12780
V. Régimen de Ahorro Individual (.pdf 952.48 KB) Última modificación: 07/10/2025 Descargar IV. Prestaciones de Pasividad (.,,xls,Descargar iii.3---subsidio-por-desempleo.xls,,07/10/2025,https://www.bps.gub.uy/bps/file/20640/1/iii.3---subsidio-por-desempleo.xls,https://www.bps.gub.uy/bps/observatorio/cuadro.jsp?contentid=12780
V. Régimen de Ahorro Individual (.pdf 952.48 KB) Última modificación: 07/10/2025 Descargar IV. Prestaciones de Pasividad (.,,xls,Descargar iii.2---subsidio-por-enfermedad.xls,,07/10/2025,https://www.bps.gub.uy/bps/file/20639/1/iii.2---subsidio-por-enfermedad.xls,https://www.bps.gub.uy/bps/observatorio/cuadro.jsp?contentid=12780
V. Régimen de Ahorro Individual (.pdf 952.48 KB) Última modificación: 07/10/2025 Descargar IV. Prestaciones de Pasividad (.,,xls,Descargar iii.1---asignaciones-familiares.xls,,07/10/2025,https://www.bps.gub.uy/bps/file/20638/1/iii.1---asignaciones-familiares.xls,https://www.bps.gub.uy/bps/observatorio/cuadro.jsp?contentid=12780
V. Régimen de Ahorro Individual (.pdf 952.48 KB) Última modificación: 07/10/2025 Descargar IV. Prestaciones de Pasividad (.,,xls,Descargar ii.-recaudacion.xls,,07/10/2025,https://www.bps.gub.uy/bps/file/20637/1/ii.-recaudacion.xls,https://www.bps.gub.uy/bps/observatorio/cuadro.jsp?contentid=12780
V. Régimen de Ahorro Individual (.pdf 952.48 KB) Última modificación: 07/10/2025 Descargar IV. Prestaciones de Pasividad (.,,xls,Descargar i.-ingresos-y-egresos-globales.-abril-2023.xls,,07/10/2025,https://www.bps.gub.uy/bps/file/20636/3/i.-ingresos-y-egresos-globales.-abril-2023.xls,https://www.bps.gub.uy/bps/observatorio/cuadro.jsp?contentid=12780
V. Régimen de Ahorro Individual (.pdf 952.48 KB) Última modificación: 07/10/2025 Descargar IV. Prestaciones de Pasividad (.,,xls,Descargar v.-regimen-de-ahorro-individual.xls,,07/10/2025,https://www.bps.gub.uy/bps/file/20444/1/v.-regimen-de-ahorro-individual.xls,https://www.bps.gub.uy/bps/observatorio/cuadro.jsp?contentid=12780
V. Régimen de Ahorro Individual (.pdf 952.48 KB) Última modificación: 07/10/2025 Descargar IV. Prestaciones de Pasividad (.,,xls,Descargar iv.-prestaciones-de-pasividad.xls,,07/10/2025,https://www.bps.gub.uy/bps/file/20443/1/iv.-prestaciones-de-pasividad.xls,https://www.bps.gub.uy/bps/observatorio/cuadro.jsp?contentid=12780
V. Régimen de Ahorro Individual (.pdf 952.48 KB) Última modificación: 07/10/2025 Descargar IV. Prestaciones de Pasividad (.,,xls,Descargar iii.4---subsidio-por-maternidad-paternidad-y-cuidados-parentales.xls,,07/10/2025,https://www.bps.gub.uy/bps/file/20442/1/iii.4---subsidio-por-maternidad-paternidad-y-cuidados-parentales.xls,https://www.bps.gub.uy/bps/observatorio/cuadro.jsp?contentid=12780
V. Régimen de Ahorro Individual (.pdf 952.48 KB) Última modificación: 07/10/2025 Descargar IV. Prestaciones de Pasividad (.,,xls,Descargar iii.3---subsidio-por-desempleo.xls,,07/10/2025,https://www.bps.gub.uy/bps/file/20441/1/iii.3---subsidio-por-desempleo.xls,https://www.bps.gub.uy/bps/observatorio/cuadro.jsp?contentid=12780
V. Régimen de Ahorro Individual (.pdf 952.48 KB) Última modificación: 07/10/2025 Descargar IV. Prestaciones de Pasividad (.,,xls,Descargar iii.2---subsidio-por-enfermedad.xls,,07/10/2025,https://www.bps.gub.uy/bps/file/20440/1/iii.2---subsidio-por-enfermedad.xls,https://www.bps.gub.uy/bps/observatorio/cuadro.jsp?contentid=12780
V. Régimen de Ahorro Individual (.pdf 952.48 KB) Última modificación: 07/10/2025 Descargar IV. Prestaciones de Pasividad (.,,xls,Descargar iii.1---asignaciones-familiares.xls,,07/10/2025,https://www.bps.gub.uy/bps/file/20439/1/iii.1---asignaciones-familiares.xls,https://www.bps.gub.uy/bps/observatorio/cuadro.jsp?contentid=12780
V. Régimen de Ahorro Individual (.pdf 952.48 KB) Última modificación: 07/10/2025 Descargar IV. Prestaciones de Pasividad (.,,xls,Descargar ii.-recaudacion.-marzo-2023.xls,,07/10/2025,https://www.bps.gub.uy/bps/file/20438/1/ii.-recaudacion.-marzo-2023.xls,https://www.bps.gub.uy/bps/observatorio/cuadro.jsp?contentid=12780
V. Régimen de Ahorro Individual (.pdf 952.48 KB) Última modificación: 07/10/2025 Descargar IV. Prestaciones de Pasividad (.,,xls,Descargar i.-ingresos-y-egresos-globales.-marzo-2023.xls,,07/10/2025,https://www.bps.gub.uy/bps/file/20437/3/i.-ingresos-y-egresos-globales.-marzo-2023.xls,https://www.bps.gub.uy/bps/observatorio/cuadro.jsp?contentid=12780
V. Régimen de Ahorro Individual (.pdf 952.48 KB) Última modificación: 07/10/2025 Descargar IV. Prestaciones de Pasividad (.,,xls,Descargar v.-regimen-de-ahorro-individual.xls,,07/10/2025,https://www.bps.gub.uy/bps/file/20417/1/v.-regimen-de-ahorro-individual.xls,https://www.bps.gub.uy/bps/observatorio/cuadro.jsp?contentid=12780
V. Régimen de Ahorro Individual (.pdf 952.48 KB) Última modificación: 07/10/2025 Descargar IV. Prestaciones de Pasividad (.,,xls,Descargar iv.-prestaciones-de-pasividad.xls,,07/10/2025,https://www.bps.gub.uy/bps/file/20416/1/iv.-prestaciones-de-pasividad.xls,https://www.bps.gub.uy/bps/observatorio/cuadro.jsp?contentid=12780
V. Régimen de Ahorro Individual (.pdf 952.48 KB) Última modificación: 07/10/2025 Descargar IV. Prestaciones de Pasividad (.,,xls,Descargar iii.4---subsidio-por-maternidad-paternidad-y-cuidados-parentales.xls,,07/10/2025,https://www.bps.gub.uy/bps/file/20415/1/iii.4---subsidio-por-maternidad-paternidad-y-cuidados-parentales.xls,https://www.bps.gub.uy/bps/observatorio/cuadro.jsp?contentid=12780
V. Régimen de Ahorro Individual (.pdf 952.48 KB) Última modificación: 07/10/2025 Descargar IV. Prestaciones de Pasividad (.,,xls,Descargar iii.3---subsidio-por-desempleo.xls,,07/10/2025,https://www.bps.gub.uy/bps/file/20414/1/iii.3---subsidio-por-desempleo.xls,https://www.bps.gub.uy/bps/observatorio/cuadro.jsp?contentid=12780
V. Régimen de Ahorro Individual (.pdf 952.48 KB) Última modificación: 07/10/2025 Descargar IV. Prestaciones de Pasividad (.,,xls,Descargar iii.2---subsidio-por-enfermedad.xls,,07/10/2025,https://www.bps.gub.uy/bps/file/20413/1/iii.2---subsidio-por-enfermedad.xls,https://www.bps.gub.uy/bps/observatorio/cuadro.jsp?contentid=12780
V. Régimen de Ahorro Individual (.pdf 952.48 KB) Última modificación: 07/10/2025 Descargar IV. Prestaciones de Pasividad (.,,xls,Descargar iii.1---asignaciones-familiares.xls,,07/10/2025,https://www.bps.gub.uy/bps/file/20412/1/iii.1---asignaciones-familiares.xls,https://www.bps.gub.uy/bps/observatorio/cuadro.jsp?contentid=12780
V. Régimen de Ahorro Individual (.pdf 952.48 KB) Última modificación: 07/10/2025 Descargar IV. Prestaciones de Pasividad (.,,xls,Descargar ii.-recaudacion.xls,,07/10/2025,https://www.bps.gub.uy/bps/file/20411/1/ii.-recaudacion.xls,https://www.bps.gub.uy/bps/observatorio/cuadro.jsp?contentid=12780
V. Régimen de Ahorro Individual (.pdf 952.48 KB) Última modificación: 07/10/2025 Descargar IV. Prestaciones de Pasividad (.,,xls,Descargar i.-ingresos-y-egresos-globales.-febrero-2023.xls,,07/10/2025,https://www.bps.gub.uy/bps/file/20410/3/i.-ingresos-y-egresos-globales.-febrero-2023.xls,https://www.bps.gub.uy/bps/observatorio/cuadro.jsp?contentid=12780
V. Régimen de Ahorro Individual (.pdf 952.48 KB) Última modificación: 07/10/2025 Descargar IV. Prestaciones de Pasividad (.,,xls,Descargar v.-regimen-de-ahorro-individual.-enero-2023.xls,,07/10/2025,https://www.bps.gub.uy/bps/file/20276/1/v.-regimen-de-ahorro-individual.-enero-2023.xls,https://www.bps.gub.uy/bps/observatorio/cuadro.jsp?contentid=12780
V. Régimen de Ahorro Individual (.pdf 952.48 KB) Última modificación: 07/10/2025 Descargar IV. Prestaciones de Pasividad (.,,xls,Descargar ii.-recaudacion.xls,,07/10/2025,https://www.bps.gub.uy/bps/file/20275/1/ii.-recaudacion.xls,https://www.bps.gub.uy/bps/observatorio/cuadro.jsp?contentid=12780
V. Régimen de Ahorro Individual (.pdf 952.48 KB) Última modificación: 07/10/2025 Descargar IV. Prestaciones de Pasividad (.,,xls,Descargar iii.1---asignaciones-familiares.xls,,07/10/2025,https://www.bps.gub.uy/bps/file/20274/1/iii.1---asignaciones-familiares.xls,https://www.bps.gub.uy/bps/observatorio/cuadro.jsp?contentid=12780
V. Régimen de Ahorro Individual (.pdf 952.48 KB) Última modificación: 07/10/2025 Descargar IV. Prestaciones de Pasividad (.,,xls,Descargar iii.2---subsidio-por-enfermedad.xls,,07/10/2025,https://www.bps.gub.uy/bps/file/20273/1/iii.2---subsidio-por-enfermedad.xls,https://www.bps.gub.uy/bps/observatorio/cuadro.jsp?contentid=12780
V. Régimen de Ahorro Individual (.pdf 952.48 KB) Última modificación: 07/10/2025 Descargar IV. Prestaciones de Pasividad (.,,xls,Descargar iii.3---subsidio-por-desempleo.xls,,07/10/2025,https://www.bps.gub.uy/bps/file/20272/1/iii.3---subsidio-por-desempleo.xls,https://www.bps.gub.uy/bps/observatorio/cuadro.jsp?contentid=12780
V. Régimen de Ahorro Individual (.pdf 952.48 KB) Última modificación: 07/10/2025 Descargar IV. Prestaciones de Pasividad (.,,xls,Descargar iii.4---subsidio-por-maternidad-paternidad-y-cuidados-parentales.xls,,07/10/2025,https://www.bps.gub.uy/bps/file/20271/1/iii.4---subsidio-por-maternidad-paternidad-y-cuidados-parentales.xls,https://www.bps.gub.uy/bps/observatorio/cuadro.jsp?contentid=12780
V. Régimen de Ahorro Individual (.pdf 952.48 KB) Última modificación: 07/10/2025 Descargar IV. Prestaciones de Pasividad (.,,xls,Descargar iv.-prestaciones-de-pasividad.xls,,07/10/2025,https://www.bps.gub.uy/bps/file/20270/1/iv.-prestaciones-de-pasividad.xls,https://www.bps.gub.uy/bps/observatorio/cuadro.jsp?contentid=12780
V. Régimen de Ahorro Individual (.pdf 952.48 KB) Última modificación: 07/10/2025 Descargar IV. Prestaciones de Pasividad (.,,xls,Descargar i.-ingresos-y-egresos-globales.-enero-2023.xls,,07/10/2025,https://www.bps.gub.uy/bps/file/20269/2/i.-ingresos-y-egresos-globales.-enero-2023.xls,https://www.bps.gub.uy/bps/observatorio/cuadro.jsp?contentid=12780
V. Régimen de Ahorro Individual (.pdf 952.48 KB) Última modificación: 07/10/2025 Descargar IV. Prestaciones de Pasividad (.,,xls,Descargar v.-regimen-de-ahorro-individual.xls,,07/10/2025,https://www.bps.gub.uy/bps/file/20230/1/v.-regimen-de-ahorro-individual.xls,https://www.bps.gub.uy/bps/observatorio/cuadro.jsp?contentid=12780
V. Régimen de Ahorro Individual (.pdf 952.48 KB) Última modificación: 07/10/2025 Descargar IV. Prestaciones de Pasividad (.,,xls,Descargar iv.-prestaciones-de-pasividad.xls,,07/10/2025,https://www.bps.gub.uy/bps/file/20229/1/iv.-prestaciones-de-pasividad.xls,https://www.bps.gub.uy/bps/observatorio/cuadro.jsp?contentid=12780
V. Régimen de Ahorro Individual (.pdf 952.48 KB) Última modificación: 07/10/2025 Descargar IV. Prestaciones de Pasividad (.,,xls,Descargar iii.4---subsidio-por-maternidad-paternidad-y-cuidados-parentales.xls,,07/10/2025,https://www.bps.gub.uy/bps/file/20228/1/iii.4---subsidio-por-maternidad-paternidad-y-cuidados-parentales.xls,https://www.bps.gub.uy/bps/observatorio/cuadro.jsp?contentid=12780
V. Régimen de Ahorro Individual (.pdf 952.48 KB) Última modificación: 07/10/2025 Descargar IV. Prestaciones de Pasividad (.,,xls,Descargar iii.3---subsidio-por-desempleo.xls,,07/10/2025,https://www.bps.gub.uy/bps/file/20227/1/iii.3---subsidio-por-desempleo.xls,https://www.bps.gub.uy/bps/observatorio/cuadro.jsp?contentid=12780
V. Régimen de Ahorro Individual (.pdf 952.48 KB) Última modificación: 07/10/2025 Descargar IV. Prestaciones de Pasividad (.,,xls,Descargar iii.2---subsidio-por-enfermedad.xls,,07/10/2025,https://www.bps.gub.uy/bps/file/20226/1/iii.2---subsidio-por-enfermedad.xls,https://www.bps.gub.uy/bps/observatorio/cuadro.jsp?contentid=12780
V. Régimen de Ahorro Individual (.pdf 952.48 KB) Última modificación: 07/10/2025 Descargar IV. Prestaciones de Pasividad (.,,xls,Descargar iii.1---asignaciones-familiares.xls,,07/10/2025,https://www.bps.gub.uy/bps/file/20225/1/iii.1---asignaciones-familiares.xls,https://www.bps.gub.uy/bps/observatorio/cuadro.jsp?contentid=12780
V. Régimen de Ahorro Individual (.pdf 952.48 KB) Última modificación: 07/10/2025 Descargar IV. Prestaciones de Pasividad (.,,xls,Descargar ii.-recaudacion.-diciembre-2022.xls,,07/10/2025,https://www.bps.gub.uy/bps/file/20224/2/ii.-recaudacion.-diciembre-2022.xls,https://www.bps.gub.uy/bps/observatorio/cuadro.jsp?contentid=12780
V. Régimen de Ahorro Individual (.pdf 952.48 KB) Última modificación: 07/10/2025 Descargar IV. Prestaciones de Pasividad (.,,xls,Descargar i.-ingresos-y-egresos-globales.-diciembre-2022.xls,,07/10/2025,https://www.bps.gub.uy/bps/file/20223/2/i.-ingresos-y-egresos-globales.-diciembre-2022.xls,https://www.bps.gub.uy/bps/observatorio/cuadro.jsp?contentid=12780
V. Régimen de Ahorro Individual (.pdf 952.48 KB) Última modificación: 07/10/2025 Descargar IV. Prestaciones de Pasividad (.,,xls,Descargar v.-regimen-de-ahorro-individual.xls,,07/10/2025,https://www.bps.gub.uy/bps/file/20167/1/v.-regimen-de-ahorro-individual.xls,https://www.bps.gub.uy/bps/observatorio/cuadro.jsp?contentid=12780
V. Régimen de Ahorro Individual (.pdf 952.48 KB) Última modificación: 07/10/2025 Descargar IV. Prestaciones de Pasividad (.,,xls,Descargar iv.-prestaciones-de-pasividad.xls,,07/10/2025,https://www.bps.gub.uy/bps/file/20166/1/iv.-prestaciones-de-pasividad.xls,https://www.bps.gub.uy/bps/observatorio/cuadro.jsp?contentid=12780
V. Régimen de Ahorro Individual (.pdf 952.48 KB) Última modificación: 07/10/2025 Descargar IV. Prestaciones de Pasividad (.,,xls,Descargar iii.4---subsidio-por-maternidad-paternidad-y-cuidados-parentales.xls,,07/10/2025,https://www.bps.gub.uy/bps/file/20163/1/iii.4---subsidio-por-maternidad-paternidad-y-cuidados-parentales.xls,https://www.bps.gub.uy/bps/observatorio/cuadro.jsp?contentid=12780
V. Régimen de Ahorro Individual (.pdf 952.48 KB) Última modificación: 07/10/2025 Descargar IV. Prestaciones de Pasividad (.,,xls,Descargar iii.3---subsidio-por-desempleo.xls,,07/10/2025,https://www.bps.gub.uy/bps/file/20162/1/iii.3---subsidio-por-desempleo.xls,https://www.bps.gub.uy/bps/observatorio/cuadro.jsp?contentid=12780
V. Régimen de Ahorro Individual (.pdf 952.48 KB) Última modificación: 07/10/2025 Descargar IV. Prestaciones de Pasividad (.,,xls,Descargar iii.2---subsidio-por-enfermedad.xls,,07/10/2025,https://www.bps.gub.uy/bps/file/20161/1/iii.2---subsidio-por-enfermedad.xls,https://www.bps.gub.uy/bps/observatorio/cuadro.jsp?contentid=12780
V. Régimen de Ahorro Individual (.pdf 952.48 KB) Última modificación: 07/10/2025 Descargar IV. Prestaciones de Pasividad (.,,xls,Descargar iii.1---asignaciones-familiares.xls,,07/10/2025,https://www.bps.gub.uy/bps/file/20160/1/iii.1---asignaciones-familiares.xls,https://www.bps.gub.uy/bps/observatorio/cuadro.jsp?contentid=12780
V. Régimen de Ahorro Individual (.pdf 952.48 KB) Última modificación: 07/10/2025 Descargar IV. Prestaciones de Pasividad (.,,xls,Descargar ii.-recaudacion.xls,,07/10/2025,https://www.bps.gub.uy/bps/file/20159/1/ii.-recaudacion.xls,https://www.bps.gub.uy/bps/observatorio/cuadro.jsp?contentid=12780
V. Régimen de Ahorro Individual (.pdf 952.48 KB) Última modificación: 07/10/2025 Descargar IV. Prestaciones de Pasividad (.,,xls,Descargar i.-ingresos-y-egresos-globales.-noviembre-2022.xls,,07/10/2025,https://www.bps.gub.uy/bps/file/20158/2/i.-ingresos-y-egresos-globales.-noviembre-2022.xls,https://www.bps.gub.uy/bps/observatorio/cuadro.jsp?contentid=12780
